id,title,description,delivery_time,category,price,link,image,color,brand,model,size,weight,velocity,RAM,storage,pantalla,sistema
1,"Hp Laptop delgada multitarea de 15.6"", 16 GB de RAM, 256 GB de almacenamiento (SSD integrado de 128 GB y SSD externo de 128 GB), Office 365 gratuito de 1 año, procesador Intel de 4 núcleos, batería de","Sobre este artículo    Procesador y sistema: el procesador Intel Quad-Core Pentium N200, 2.7 GHz-4 núcleos-4 hilos, Windows 11 Home.    Pantalla: pantalla de 15.6 pulgadas (1366 x 768) con biseles estrechos y diseño antirreflejos que ofrece una experiencia visual vívida y clara. La batería soporta hasta 11 horas y 45 minutos de reproducción de video.    Teclado: teclado suave de tamaño completo con teclado numérico y teclas de función como obturador de cámara, tecla de silencio de micrófono y tecla de modo avión.    Almacenamiento y puertos: 16 GB de RAM, 128 GB UFS y 128 GB de almacenamiento externo SSD. Alta velocidad y fiabilidad. Múltiples puertos: USB Type-C, USB Type-A, HDMI, Wi-Fi 6 y Bluetooth 5.    【Dimensiones y peso】Mide 20.47 x 12.01 x 2.72 pulgadas y pesa solo 3.24 libras, su diseño elegante garantiza una portabilidad de moda sobre la marcha.    ›  Ver los detalles del producto",,Electronics,US$349.85,https://amzn.to/3WWFDHM,https://m.media-amazon.com/images/I/71J+mLXNfOL._AC_SY300_SX300_.jpg,Negro -,HP,Intel Mobile CPU,"‎15,6 x 3 x 12 pulgadas",3.24 libras,2.7GHz-4,‎8 GB DDR4,,,Windows 11
2,"HP 17 Laptop, 17.3” HD+ Display, 11th Gen Intel Core i3-1125G4 Processor, 32GB RAM, 1TB SSD, Wi-Fi, HDMI, Webcam, Windows 11 Home, Silver","About this item    【High Speed RAM And Enormous Space】32GB high-bandwidth RAM to smoothly run multiple applications and browser tabs all at once; 1TB PCIe NVMe M.2 Solid State Drive allows to fast bootup and data transfer    【Processor】11th Gen Intel Core i3-1125G4 Processor (4 Cores, 8 Threads, 8MB L3 Smart Cache, Clockspeed at 2.0 GHz, Up to 3.7 GHz at Max Turbo Frequency)    【Display】17.3"" diagonal, HD+ (1600 x 900), anti-glare, 250 nits, 60% NTSC    【Tech Specs】1 x SuperSpeed USB Type-C 5Gbps signaling rate, 2 x SuperSpeed USB Type-A 5Gbps signaling rate, 1 x HDMI 1.4b, 1 x Headphone/Microphone Combo; Wi-Fi and Bluetooth    【Authorized KKE Bundle】Bundled with KKE Mousepad    ›  See more product details",,Electronics,$487.20,https://amzn.to/4fGrtlr,https://m.media-amazon.com/images/I/71u1JLlgrgL.__AC_SY300_SX300_QL70_FMwebp_.jpg,Silver,HP,Core i3 Family,‎15.78 x 10.15 x 0.78 inches,‎4.6 pounds,‎2 GHz core_i3_family,32 GB,1 TB,17.3 Inches,Windows 11 Home
3,"Lenovo IdeaPad 1 Laptop, 15.6” FHD Display, AMD Ryzen 5 5500U, 8GB RAM, 512GB SSD, Windows 11 Home, 720p Camera w/Privacy Shutter, Smart Noise Cancelling, Cloud Grey","About this item    MULTITASKING MASTER - The IdeaPad 1 is a thin and compact laptop that offers responsive performance and anticipates your every need for effortless on-the-go multitasking    MORE EXPANSIVE DISPLAY - Indulge in a better binging experience by immersing yourself in your favorite shows with a borderless display for more screen while listening to clear, rich audio from two Dolby Audio speakers    PERFORMANCE ON THE GO - Zip along while multitasking across several tabs, the new AMD Ryzen 5 5500U processor built on UMA architecture delivers punchy mobile performance with a 20W thermal design point    LIGHTEST PART OF YOUR DAY - Weighing just 3.5 lbs, the effortlessly cool cloud grey laptop is lighter than your water bottle and just as essential    SOLID SECURITY - Keep your home life private and be seen only when you want to be with the 720p camera that comes with a physical privacy shutter    PRODUCTIVITY WITH NO LIMITS - No Wi-Fi? No worries, with 512GB storage, 12 hours of battery life, and rapid charge you can access and edit your files offline, anywhere and still have space for all your family's needs    A SMARTER WAY TO LEARN - Flip to Start turns on your IdeaPad 1 immediately upon opening the lid, so you can hop on that urgent video call and let your ideas be heard thanks to Smart Noise Cancelling minimizing background noise       EQUIPPED FOR WORK AND PLAY - Ready to connect to your world with 2 USB ports, USB-C port, HDMI port, SD card reader, and a combination headphone/mic jack SIZE UNPACKED (D x H x W) - 360 x 236 x 17.9 mm or 14.17 x 9.29 x 0.70 inches INCLUDED ITEMS - Computer, Charger, User Guide   Show more",,Electronics,$304.99,https://amzn.to/4dlJcgj,https://m.media-amazon.com/images/I/51h3oOo7XnL.__AC_SX300_SY300_QL70_FMwebp_.jpg,Gray,Lenovo,AMD Ryzen 5 5500U,‎9.29 x 14.17 x 0.7 inches,twodolby,‎2.1 GHz amd_ryzen_5_5500u,8 GB,512 GB,15.6 Inches,Windows 11 Home
4,"HP 14 Laptop, Intel Celeron N4020, 4 GB RAM, 64 GB Storage, 14-inch Micro-edge HD Display, Windows 11 Home, Thin & Portable, 4K Graphics, One Year of Microsoft 365 (14-dq0040nr, Snowflake White)","About this item    READY FOR ANYWHERE – With its thin and light design, 6.5 mm micro-edge bezel display, and 79% screen-to-body ratio, you’ll take this PC anywhere while you see and do more of what you love (1)    MORE SCREEN, MORE FUN – With virtually no bezel encircling the screen, you’ll enjoy every bit of detail on this 14-inch HD (1366 x 768) display (2)    ALL-DAY PERFORMANCE – Tackle your busiest days with the dual-core, Intel Celeron N4020—the perfect processor for performance, power consumption, and value (3)    4K READY – Smoothly stream 4K content and play your favorite next-gen games with Intel UHD Graphics 600 (4) (5)    STORAGE AND MEMORY – An embedded multimedia card provides reliable flash-based, 64 GB of storage while 4 GB of RAM expands your bandwidth and boosts your performance (6)    ›  See more product details",,Electronics,$183.96,https://amzn.to/4fMJLl9,https://m.media-amazon.com/images/I/815uX7wkOZS.__AC_SX300_SY300_QL70_FMwebp_.jpg,Snowflake White,HP,Celeron N4020,‎12.76 x 8.86 x 0.71 inches,‎3.24 pounds,‎2.8 GHz celeron_n4020,4 GB,64 GB,14 Inches,Windows 11 S
5,"Apple 2024 MacBook Air 13-inch Laptop with M3 chip: Built for Apple Intelligence, 13.6-inch Liquid Retina Display, 8GB Unified Memory, 256GB SSD Storage, Backlit Keyboard, Touch ID; Starlight","About this item    LEAN. MEAN. M3 MACHINE — With a powerful 8-core CPU and 10-core GPU, the blazing-fast MacBook Air with M3 chip is a superportable laptop that sails through work and play.    BUILT FOR APPLE INTELLIGENCE — Apple Intelligence helps you write, express yourself, and get things done effortlessly. It draws on your personal context while setting a brand-new standard for privacy in AI. Coming in beta this fall.    PORTABLE DESIGN — Lightweight and under half an inch thin, so you can take MacBook Air anywhere you go.    UP TO 18 HOURS OF BATTERY LIFE — Amazing, all-day battery life so you can leave the power adapter at home.    A BRILLIANT DISPLAY — The 13.6-inch Liquid Retina display supports 1 billion colors.    LOOK SHARP, SOUND GREAT — Everything looks and sounds amazing with a 1080p FaceTime HD camera, three mics, and four speakers with Spatial Audio.    APPS FLY WITH APPLE SILICON — All your favorites, from Microsoft 365 to Adobe Creative Cloud, run lightning fast in macOS.       GET CONNECTED — MacBook Air features two Thunderbolt ports, a headphone jack, Wi-Fi 6E, Bluetooth 5.3, and a MagSafe charging port. And connect up to two external displays with the laptop lid closed. IF YOU LOVE IPHONE, YOU’LL LOVE MAC — MacBook Air works like magic with your other Apple devices. Start an email on your iPhone and finish it on your Mac. Send text messages from your Mac. And much more. LEGAL DISCLAIMERS — This is a summary of the main product features. See below to learn more.   Show more",,Electronics,00,https://amzn.to/4fUo7vk,https://m.media-amazon.com/images/I/71YG+VrvrTL._AC_SX342_SY445_.jpg,Starlight,Apple,Apple M4,,,,8 GB,256 GB,13.6 Inches,Mac OS
6,,,,Electronics,00,https://amzn.to/3M0CYqi,,,,,,,,,,,
7,"Apple 2024 MacBook Air 15-inch Laptop with M3 chip: Built for Apple Intelligence, 15.3-inch Liquid Retina Display, 8GB Unified Memory, 256GB SSD Storage, Backlit Keyboard, Touch ID; Midnight","About this item    LEAN. MEAN. M3 MACHINE — With a powerful 8-core CPU and up to 10-core GPU, the blazing-fast MacBook Air with M3 chip is a superportable laptop that sails through work and play.    BUILT FOR APPLE INTELLIGENCE — Apple Intelligence helps you write, express yourself, and get things done effortlessly. It draws on your personal context while setting a brand-new standard for privacy in AI. Coming in beta this fall.    PORTABLE DESIGN — Lightweight and under half an inch thin, so you can take MacBook Air anywhere you go.    UP TO 18 HOURS OF BATTERY LIFE — Amazing, all-day battery life so you can leave the power adapter at home.    MORE ROOM FOR WHAT YOU LOVE — The 15.3-inch Liquid Retina display supports 1 billion colors.    LOOK SHARP, SOUND GREAT — Everything looks and sounds amazing with a 1080p FaceTime HD camera, three mics, and six speakers with Spatial Audio.    APPS FLY WITH APPLE SILICON — All your favorites, from Microsoft 365 to Adobe Creative Cloud, run lightning fast in macOS.       GET CONNECTED — MacBook Air features two Thunderbolt ports, a headphone jack, Wi-Fi 6E, Bluetooth 5.3, and a MagSafe charging port. And connect up to two external displays with the laptop lid closed. IF YOU LOVE IPHONE, YOU’LL LOVE MAC — MacBook Air works like magic with your other Apple devices. Start an email on your iPhone and finish it on your Mac. Send text messages from your Mac. And much more. LEGAL DISCLAIMERS — This is a summary of the main product features. See below to learn more.   Show more",,Electronics,00,https://amzn.to/3yOpElH,https://m.media-amazon.com/images/I/71O14N5GYLL.__AC_SY445_SX342_QL70_FMwebp_.jpg,Midnight,Apple,Apple M4,,,,8 GB,256 GB,15.3 Inches,Mac OS
8,"Apple 2024 MacBook Air 13-inch Laptop with M3 chip: Built for Apple Intelligence, 13.6-inch Liquid Retina Display, 8GB Unified Memory, 256GB SSD Storage, Backlit Keyboard, Touch ID; Space Gray","About this item    LEAN. MEAN. M3 MACHINE — With a powerful 8-core CPU and 10-core GPU, the blazing-fast MacBook Air with M3 chip is a superportable laptop that sails through work and play.    BUILT FOR APPLE INTELLIGENCE — Apple Intelligence helps you write, express yourself, and get things done effortlessly. It draws on your personal context while setting a brand-new standard for privacy in AI. Coming in beta this fall.    PORTABLE DESIGN — Lightweight and under half an inch thin, so you can take MacBook Air anywhere you go.    UP TO 18 HOURS OF BATTERY LIFE — Amazing, all-day battery life so you can leave the power adapter at home.    A BRILLIANT DISPLAY — The 13.6-inch Liquid Retina display supports 1 billion colors.    LOOK SHARP, SOUND GREAT — Everything looks and sounds amazing with a 1080p FaceTime HD camera, three mics, and four speakers with Spatial Audio.    APPS FLY WITH APPLE SILICON — All your favorites, from Microsoft 365 to Adobe Creative Cloud, run lightning fast in macOS.       GET CONNECTED — MacBook Air features two Thunderbolt ports, a headphone jack, Wi-Fi 6E, Bluetooth 5.3, and a MagSafe charging port. And connect up to two external displays with the laptop lid closed. IF YOU LOVE IPHONE, YOU’LL LOVE MAC — MacBook Air works like magic with your other Apple devices. Start an email on your iPhone and finish it on your Mac. Send text messages from your Mac. And much more. LEGAL DISCLAIMERS — This is a summary of the main product features. See below to learn more.   Show more",,Electronics,00,https://amzn.to/4cxNyQw,https://m.media-amazon.com/images/I/71ItMeqpN3L.__AC_SY445_SX342_QL70_FMwebp_.jpg,Space Gray,Apple,Apple M4,,,,8 GB,256 GB,13.6 Inches,Mac OS
9,"Apple 2022 MacBook Air Laptop with M2 chip: Built for Apple Intelligence, 13.6-inch Liquid Retina Display, 8GB RAM, 256GB SSD Storage, Backlit Keyboard, 1080p FaceTime HD Camera; Midnight","About this item    STRIKINGLY THIN DESIGN — The redesigned MacBook Air is more portable than ever and weighs just 2.7 pounds. It’s the incredibly capable laptop that lets you work, play or create just about anything — anywhere.    SUPERCHARGED BY M2 — Get more done faster with a next-generation 8-core CPU, up to 10-core GPU and up to 24GB of unified memory.    BUILT FOR APPLE INTELLIGENCE — Apple Intelligence helps you write, express yourself, and get things done effortlessly. It draws on your personal context while setting a brand-new standard for privacy in AI. Coming in beta this fall.    UP TO 18 HOURS OF BATTERY LIFE — Go all day and into the night, thanks to the power-efficient performance of the Apple M2 chip.    BIG, BEAUTIFUL DISPLAY — The 13.6-inch Liquid Retina display features over 500 nits of brightness, P3 wide color and support for 1 billion colors for vibrant images and incredible detail.    ADVANCED CAMERA AND AUDIO — Look sharp and sound great with a 1080p FaceTime HD camera, three-mic array and four-speaker sound system with Spatial Audio.    VERSATILE CONNECTIVITY — MacBook Air features a MagSafe charging port, two Thunderbolt ports and a headphone jack.       EASY TO USE — Your Mac feels familiar from the moment you turn it on, and works seamlessly with all your Apple devices. BUILT TO LAST — The all-aluminum unibody enclosure is exceptionally durable. And free software updates keep things running smooth and secure for years to come. SIMPLY COMPATIBLE — All your go-to apps run lightning-fast — including Microsoft 365, Zoom, and many of your favorite iPhone and iPad apps.   Show more",,Electronics,$791.01,https://amzn.to/3Ayqrrp,https://m.media-amazon.com/images/I/719C6bJv8jL.__AC_SY445_SX342_QL70_ML2_.jpg,Midnight,Apple,Unknown,,,,8 GB,256 GB,13.6 Inches,Mac OS
10,,,,Electronics,00,https://amzn.to/3M5GLmc,,,,,,,,,,,
11,"HP 17 Business Laptop, 17.3” HD+ Display, 11th Gen Intel Core i3-1125G4 Processor, 32GB RAM, 1TB SSD, Wi-Fi, HDMI, Webcam, Windows 11 Pro, Silver","About this item    【High Speed RAM And Enormous Space】32GB high-bandwidth RAM to smoothly run multiple applications and browser tabs all at once; 1TB PCIe NVMe M.2 Solid State Drive allows to fast bootup and data transfer    【Processor】11th Gen Intel Core i3-1125G4 Processor (4 Cores, 8 Threads, 8MB L3 Smart Cache, Clockspeed at 2.0 GHz, Up to 3.7 GHz at Max Turbo Frequency)    【Display】17.3"" diagonal, HD+ (1600 x 900), anti-glare, 250 nits, 60% NTSC    【Tech Specs】1 x SuperSpeed USB Type-C 5Gbps signaling rate, 2 x SuperSpeed USB Type-A 5Gbps signaling rate, 1 x HDMI 1.4b, 1 x Headphone/Microphone Combo; Wi-Fi and Bluetooth    【Operating System】Windows 11 Pro-Get all the features of Windows 11 Home operating system plus Mobile device management, Group Policy, Enterprise State Roaming, Assigned Access, Dynamic Provisioningm, Windows Update for Business, Kiosk mode, and Active Directory/Azure AD    ›  See more product details",,Electronics,$483.79,https://amzn.to/4dyfuVc,https://m.media-amazon.com/images/I/61TGRBGTNzL.__AC_SX300_SY300_QL70_FMwebp_.jpg,Silver,HP,Core i3 Family,‎15.78 x 10.15 x 0.78 inches,‎4.6 pounds,‎2 GHz core_i3_family,32 GB,1 TB,17.3 Inches,Windows 11 Pro
12,"HP Chromebook 14 Laptop, Intel Celeron N4120, 4 GB RAM, 64 GB eMMC, 14"" HD Display, Chrome OS, Thin Design, 4K Graphics, Long Battery Life, Ash Gray Keyboard (14a-na0226nr, 2022, Mineral Silver)","About this item    FOR HOME, WORK, & SCHOOL – With an Intel processor, 14-inch display, custom-tuned stereo speakers, and long battery life, this Chromebook laptop lets you knock out any assignment or binge-watch your favorite shows..Voltage:5.0 volts    HD DISPLAY, PORTABLE DESIGN – See every bit of detail on this micro-edge, anti-glare, 14-inch HD (1366 x 768) display (1); easily take this thin and lightweight laptop PC from room to room, on trips, or in a backpack.    ALL-DAY PERFORMANCE – Reliably tackle all your assignments at once with the quad-core, Intel Celeron N4120—the perfect processor for performance, power consumption, and value (2).    4K READY – Smoothly stream 4K content and play your favorite next-gen games with Intel UHD Graphics 600 (3) (4).    MEMORY AND STORAGE – Enjoy a boost to your system’s performance with 4 GB of RAM while saving more of your favorite memories with 64 GB of reliable flash-based eMMC storage (5).    DESIGNED TO KEEP UP WITH YOU – Get everything on your to-do list done with up to 14 hours of battery life (6); plus, HP Fast Charge technology charges your laptop computer from 0 to 50% in approximately 45 minutes, so you never miss a beat (7).    CHROME OS AND WARRANTY – Redefine how you work and play with the always secure and up-to-date Chrome browser, offering a huge selection of android apps in the Google Play Store (8). Start computing with confidence as your Google Chromebook laptop is covered by a 1-year limited hardware warranty.       ROCK SOLID CONNECTIVITY – Experience powerful connectivity with the 802.11a/b/g/n/ac (2x2) Wi-Fi and Bluetooth combo, perfect for remote work, modern games, or streaming your favorite show (9) (10). MULTI-TOUCH TOUCHPAD – Your device’s full-size keyboard features a true multi-touch touchpad that supports four-finger gestures and lets you scroll, zoom, and navigate with a simple touch. SUSTAINABLE DESIGN – HP is committed to global citizenship and environmental responsibility—that’s why this laptop Chromebook is ENERGY STAR certified (11) and EPEAT Silver registered (12).   Show more",,Electronics,$186.99,https://amzn.to/4ckqV1K,https://m.media-amazon.com/images/I/71tXLOE7wIL.__AC_SX300_SY300_QL70_FMwebp_.jpg,Mineral Silver,HP,Celeron,‎12.82 x 8.6 x 0.7 inches,‎3.24 pounds,‎1.1 GHz celeron,4 GB,64 GB,14 Inches,Chrome OS
13,"HP Notebook Laptop, 15.6"" HD Touchscreen, Intel Core i3-1115G4 Processor, 32GB RAM, 1TB PCIe SSD, Webcam, Type-C, HDMI, SD Card Reader, Wi-Fi, Windows 11 Home, Silver","About this item    【Memory & Storage】The PC memory has been upgraded to 32GB DDR4 SDRAM for enhanced high bandwidth to easily switch back and forth between open applications; the Hard drive has been upgraded to 1TB PCIe NVMe M.2 SSD for fast boot-up and speedy data transfer    【Processor】Intel Core i3-1115G4 Processor (2 Cores, 4 threads, 6MB L3 Cache, base at 3.00GHz, up to 4.10GHz), with Intel UHD Graphics    【Screen】15.6"" diagonal, HD (1366 x 768), touchscreen, micro-edge, BrightView, 220 nits, 45% NTSC    【Tech Specs】1 SuperSpeed USB Type-C, 2 SuperSpeed USB Type-A, 1 HDMI, 1 AC smart pin, 1 Headphone/Microphone combo; Wi-Fi and Bluetooth    【Operating System】Windows 11 Home - Beautiful, more consistent new design, Great window layout options, Better multi-monitor functionality, Improved performance features, New videogame selection and capabilities, Compatible with Android Apps    ›  See more product details",,Electronics,$442.98,https://amzn.to/3yFMaNI,https://m.media-amazon.com/images/I/61oAh3XrX+L._AC_SY300_SX300_.jpg,Silver,HP,Core i3 Family,‎14.1 x 9.53 x 0.71 inches,‎3.75 pounds,‎3 GHz core_i3_family,32 GB,1 TB,15.6 Inches,Windows 11 Home
14,"Apple 2023 MacBook Pro Laptop M3 Pro chip with 11‑core CPU, 14‑core GPU: Built for Apple Intelligence, 14.2-inch Liquid Retina XDR Display, 18GB Unified Memory, 512GB SSD Storage; Space Black","About this item    SUPERCHARGED BY M3 — With an 8-core CPU and 10-core GPU, the Apple M3 chip can help you blaze through everyday multitasking and take on pro projects like editing thousands of photos or 4K video.    BUILT FOR APPLE INTELLIGENCE — Apple Intelligence helps you write, express yourself, and get things done effortlessly. It draws on your personal context while setting a brand-new standard for privacy in AI. Coming in beta this fall.    UP TO 22 HOURS OF BATTERY LIFE — Go all day thanks to the power-efficient design of Apple silicon. The MacBook Pro laptop delivers the same exceptional performance whether it’s running on battery or plugged in. (Battery life varies by use and configuration. See apple.com/batteries for more information.)    BRILLIANT PRO DISPLAY — The 14.2-inch Liquid Retina XDR display features Extreme Dynamic Range, 1000 nits of sustained brightness for stunning HDR content, up to 600 nits of brightness for SDR content, and pro reference modes for doing your best work on the go. (The display has rounded corners at the top. (Measured diagonally, the screen is 14.2 inches. Actual viewable area is less.)    FULLY COMPATIBLE — All your pro apps run lightning fast — including Adobe Creative Cloud, Apple Xcode, Microsoft 365, Medivis SurgicalAR, and many of your favorite iPhone and iPad apps. And with macOS, work and play on your Mac are even more powerful. Elevate your presence on video calls. Access information in all-new ways. And discover even more ways to personalize your Mac.    ADVANCED CAMERA AND AUDIO — Look sharp and sound great with a 1080p FaceTime HD camera, a studio-quality three-mic array, and a six-speaker sound system with Spatial Audio.    CONNECT IT ALL — This MacBook Pro features a MagSafe charging port, two Thunderbolt / USB 4 ports, an SDXC card slot, an HDMI port, and a headphone jack. Enjoy fast wireless connectivity with Wi-Fi 6E (in countries and regions where 6E is supported) and Bluetooth 5.3. Supports one external display.       ADVANCED SECURITY — Every Mac comes with industry‑leading encryption, robust virus protections, and a powerful firewall system. And free security updates help keep your Mac protected. WORKS WITH ALL YOUR APPLE DEVICES — You can do amazing things when you use your Apple devices together. Copy something on iPhone and paste it on MacBook Pro. Use your MacBook Pro to answer FaceTime calls or send texts with Messages. And that’s just the beginning. BUILT TO LAST — The all-aluminum unibody enclosure is exceptionally durable. Free software updates keep things running smoothly for years to come.   Show more",,Electronics,00,https://amzn.to/4dnxAJL,https://m.media-amazon.com/images/I/61RJn0ofUsL.__AC_SY445_SX342_QL70_FMwebp_.jpg,Space Black,Apple,Apple M4,,,,18 GB,512 GB,14.2 Inches,Mac OS
15,"Apple 2024 MacBook Air 15-inch Laptop with M3 chip: Built for Apple Intelligence, 15.3-inch Liquid Retina Display, 16GB Unified Memory, 512GB SSD Storage, Backlit Keyboard, Touch ID; Midnight","About this item    LEAN. MEAN. M3 MACHINE — With a powerful 8-core CPU and up to 10-core GPU, the blazing-fast MacBook Air with M3 chip is a superportable laptop that sails through work and play.    BUILT FOR APPLE INTELLIGENCE — Apple Intelligence helps you write, express yourself, and get things done effortlessly. It draws on your personal context while setting a brand-new standard for privacy in AI. Coming in beta this fall.    PORTABLE DESIGN — Lightweight and under half an inch thin, so you can take MacBook Air anywhere you go.    UP TO 18 HOURS OF BATTERY LIFE — Amazing, all-day battery life so you can leave the power adapter at home.    MORE ROOM FOR WHAT YOU LOVE — The 15.3-inch Liquid Retina display supports 1 billion colors.    LOOK SHARP, SOUND GREAT — Everything looks and sounds amazing with a 1080p FaceTime HD camera, three mics, and six speakers with Spatial Audio.    APPS FLY WITH APPLE SILICON — All your favorites, from Microsoft 365 to Adobe Creative Cloud, run lightning fast in macOS.       GET CONNECTED — MacBook Air features two Thunderbolt ports, a headphone jack, Wi-Fi 6E, Bluetooth 5.3, and a MagSafe charging port. And connect up to two external displays with the laptop lid closed. IF YOU LOVE IPHONE, YOU’LL LOVE MAC — MacBook Air works like magic with your other Apple devices. Start an email on your iPhone and finish it on your Mac. Send text messages from your Mac. And much more. LEGAL DISCLAIMERS — This is a summary of the main product features. See below to learn more.   Show more",,Electronics,00,https://amzn.to/4doPYSA,https://m.media-amazon.com/images/I/71O14N5GYLL.__AC_SY445_SX342_QL70_FMwebp_.jpg,Midnight,Apple,Apple M4,,,,16 GB,512 GB,15.3 Inches,Mac OS
16,"Lenovo Newest Flagship Chromebook, 14'' FHD Touchscreen Slim Thin Light Laptop Computer, 8-Core MediaTek Kompanio 520 Processor, 4GB RAM, 64GB eMMC, WiFi 6,Chrome OS+HubxcelAccesory, Abyss Blue","About this item    【14"" Full HD Touchscreen】Natural finger-touch navigation makes the most of Chrome OS. The 1920 x 1080 resolution boasts impressive color and clarity. IPS technology for wide viewing angles. Energy-efficient LED backlight. Integrated 720p HD Webcam with Privacy Shutter and Dual Array Microphon. Online Class, Google Classroom, Remote Learning, Zoom Ready.    【MediaTek Kompanio 520】MediaTek Kompanio 520 processor (Octa-Core, 4x A73 @2.0GHz + 4x A53 @2.0GHz). Designed for class-leading battery life, great performance, with fast and reliably connected experiences. The MediaTek Kompanio 520 processor is a significant upgrade to Chromebooks, elevating CPU and graphics performance in everyday activities for Home, Student, Professionals, Business, School Education, and Commercial Enterprise.    【4GB RAM + 64GB eMMC】Adequate high-bandwidth 4GB RAM to smoothly run multiple applications and browser tabs all at once.. 64GB of ultracompact memory system is ideal for mobile devices and applications, providing enhanced storage capabilities, streamlined data management, quick boot-up times and support for high-definition video playback.    【Google Chrome OS】Chromebook is a computer for the way the modern world works, with thousands of apps, built-in protection and cloud backups. It is secure, fast, up-to-date, versatile and simple.    【Specifics】13.23"" L x 8.7"" W x 0.73"" H, 2.86 lb; 1x USB-A 3.2 Gen 1 / 1x USB-C 3.2 Gen 1 / 1x microSD card reader / 1x Headphone/microphone combo jack (3.5mm); Wi-Fi 6, 11ax 2x2 + Bluetooth 5.1 combo; Abyss Blue; Authorized HubxcelAccessories    ›  See more product details",,Electronics,$227.00,https://amzn.to/4dEB6iI,https://m.media-amazon.com/images/I/61KlKRdsQ7L.__AC_SY300_SX300_QL70_FMwebp_.jpg,Blue,Lenovo,Cortex,‎12.83 x 8.73 x 0.73 inches,2.86lb,‎2 GHz cortex,4 GB,64 GB,14 Inches,Chrome OS
17,"Apple 2022 MacBook Air Laptop with M2 chip: Built for Apple Intelligence, 13.6-inch Liquid Retina Display, 8GB RAM, 256GB SSD Storage, Backlit Keyboard, 1080p FaceTime HD Camera; Starlight","About this item    STRIKINGLY THIN DESIGN — The redesigned MacBook Air is more portable than ever and weighs just 2.7 pounds. It’s the incredibly capable laptop that lets you work, play or create just about anything — anywhere.    SUPERCHARGED BY M2 — Get more done faster with a next-generation 8-core CPU, up to 10-core GPU and up to 24GB of unified memory.    BUILT FOR APPLE INTELLIGENCE — Apple Intelligence helps you write, express yourself, and get things done effortlessly. It draws on your personal context while setting a brand-new standard for privacy in AI. Coming in beta this fall.    UP TO 18 HOURS OF BATTERY LIFE — Go all day and into the night, thanks to the power-efficient performance of the Apple M2 chip.    BIG, BEAUTIFUL DISPLAY — The 13.6-inch Liquid Retina display features over 500 nits of brightness, P3 wide color and support for 1 billion colors for vibrant images and incredible detail.    ADVANCED CAMERA AND AUDIO — Look sharp and sound great with a 1080p FaceTime HD camera, three-mic array and four-speaker sound system with Spatial Audio.    VERSATILE CONNECTIVITY — MacBook Air features a MagSafe charging port, two Thunderbolt ports and a headphone jack.       EASY TO USE — Your Mac feels familiar from the moment you turn it on, and works seamlessly with all your Apple devices. BUILT TO LAST — The all-aluminum unibody enclosure is exceptionally durable. And free software updates keep things running smooth and secure for years to come. SIMPLY COMPATIBLE — All your go-to apps run lightning-fast — including Microsoft 365, Zoom, and many of your favorite iPhone and iPad apps.   Show more",,Electronics,00,https://amzn.to/3M9mMTq,https://m.media-amazon.com/images/I/710TJuHTMhL.__AC_SY445_SX342_QL70_FMwebp_.jpg,Starlight,Apple,Unknown,,,,8 GB,256 GB,13.6 Inches,Mac OS
18,"Apple 2024 MacBook Air 13-inch Laptop with M3 chip: Built for Apple Intelligence, 13.6-inch Liquid Retina Display, 8GB Unified Memory, 256GB SSD Storage, Backlit Keyboard, Touch ID; Silver","About this item    LEAN. MEAN. M3 MACHINE — With a powerful 8-core CPU and 10-core GPU, the blazing-fast MacBook Air with M3 chip is a superportable laptop that sails through work and play.    BUILT FOR APPLE INTELLIGENCE — Apple Intelligence helps you write, express yourself, and get things done effortlessly. It draws on your personal context while setting a brand-new standard for privacy in AI. Coming in beta this fall.    PORTABLE DESIGN — Lightweight and under half an inch thin, so you can take MacBook Air anywhere you go.    UP TO 18 HOURS OF BATTERY LIFE — Amazing, all-day battery life so you can leave the power adapter at home.    A BRILLIANT DISPLAY — The 13.6-inch Liquid Retina display supports 1 billion colors.    LOOK SHARP, SOUND GREAT — Everything looks and sounds amazing with a 1080p FaceTime HD camera, three mics, and four speakers with Spatial Audio.    APPS FLY WITH APPLE SILICON — All your favorites, from Microsoft 365 to Adobe Creative Cloud, run lightning fast in macOS.       GET CONNECTED — MacBook Air features two Thunderbolt ports, a headphone jack, Wi-Fi 6E, Bluetooth 5.3, and a MagSafe charging port. And connect up to two external displays with the laptop lid closed. IF YOU LOVE IPHONE, YOU’LL LOVE MAC — MacBook Air works like magic with your other Apple devices. Start an email on your iPhone and finish it on your Mac. Send text messages from your Mac. And much more. LEGAL DISCLAIMERS — This is a summary of the main product features. See below to learn more.   Show more",,Electronics,00,https://amzn.to/3SRII9x,https://m.media-amazon.com/images/I/71WkDp--uqL.__AC_SY445_SX342_QL70_FMwebp_.jpg,Silver,Apple,Apple M4,,,,8 GB,256 GB,13.6 Inches,Mac OS
19,"Apple 2022 MacBook Air Laptop with M2 chip: Built for Apple Intelligence, 13.6-inch Liquid Retina Display, 8GB RAM, 256GB SSD Storage, Backlit Keyboard, 1080p FaceTime HD Camera; Space Gray","About this item    STRIKINGLY THIN DESIGN — The redesigned MacBook Air is more portable than ever and weighs just 2.7 pounds. It’s the incredibly capable laptop that lets you work, play or create just about anything — anywhere.    SUPERCHARGED BY M2 — Get more done faster with a next-generation 8-core CPU, up to 10-core GPU and up to 24GB of unified memory.    BUILT FOR APPLE INTELLIGENCE — Apple Intelligence helps you write, express yourself, and get things done effortlessly. It draws on your personal context while setting a brand-new standard for privacy in AI. Coming in beta this fall.    UP TO 18 HOURS OF BATTERY LIFE — Go all day and into the night, thanks to the power-efficient performance of the Apple M2 chip.    BIG, BEAUTIFUL DISPLAY — The 13.6-inch Liquid Retina display features over 500 nits of brightness, P3 wide color and support for 1 billion colors for vibrant images and incredible detail.    ADVANCED CAMERA AND AUDIO — Look sharp and sound great with a 1080p FaceTime HD camera, three-mic array and four-speaker sound system with Spatial Audio.    VERSATILE CONNECTIVITY — MacBook Air features a MagSafe charging port, two Thunderbolt ports and a headphone jack.       EASY TO USE — Your Mac feels familiar from the moment you turn it on, and works seamlessly with all your Apple devices. BUILT TO LAST — The all-aluminum unibody enclosure is exceptionally durable. And free software updates keep things running smooth and secure for years to come. SIMPLY COMPATIBLE — All your go-to apps run lightning-fast — including Microsoft 365, Zoom, and many of your favorite iPhone and iPad apps.   Show more",,Electronics,$799.00,https://amzn.to/3SPMMXP,https://m.media-amazon.com/images/I/71f5Eu5lJSL.__AC_SY445_SX342_QL70_FMwebp_.jpg,Space Gray,Apple,Unknown,,,,8 GB,256 GB,13.6 Inches,Mac OS
20,"Apple 2024 MacBook Air 15-inch Laptop with M3 chip: Built for Apple Intelligence, 15.3-inch Liquid Retina Display, 8GB Unified Memory, 256GB SSD Storage, Backlit Keyboard, Touch ID; Starlight","About this item    LEAN. MEAN. M3 MACHINE — With a powerful 8-core CPU and up to 10-core GPU, the blazing-fast MacBook Air with M3 chip is a superportable laptop that sails through work and play.    BUILT FOR APPLE INTELLIGENCE — Apple Intelligence helps you write, express yourself, and get things done effortlessly. It draws on your personal context while setting a brand-new standard for privacy in AI. Coming in beta this fall.    PORTABLE DESIGN — Lightweight and under half an inch thin, so you can take MacBook Air anywhere you go.    UP TO 18 HOURS OF BATTERY LIFE — Amazing, all-day battery life so you can leave the power adapter at home.    MORE ROOM FOR WHAT YOU LOVE — The 15.3-inch Liquid Retina display supports 1 billion colors.    LOOK SHARP, SOUND GREAT — Everything looks and sounds amazing with a 1080p FaceTime HD camera, three mics, and six speakers with Spatial Audio.    APPS FLY WITH APPLE SILICON — All your favorites, from Microsoft 365 to Adobe Creative Cloud, run lightning fast in macOS.       GET CONNECTED — MacBook Air features two Thunderbolt ports, a headphone jack, Wi-Fi 6E, Bluetooth 5.3, and a MagSafe charging port. And connect up to two external displays with the laptop lid closed. IF YOU LOVE IPHONE, YOU’LL LOVE MAC — MacBook Air works like magic with your other Apple devices. Start an email on your iPhone and finish it on your Mac. Send text messages from your Mac. And much more. LEGAL DISCLAIMERS — This is a summary of the main product features. See below to learn more.   Show more",,Electronics,00,https://amzn.to/4dHCrVM,https://m.media-amazon.com/images/I/71NPEI1B9wL.__AC_SY445_SX342_QL70_FMwebp_.jpg,Starlight,Apple,Apple M4,,,,8 GB,256 GB,15.3 Inches,Mac OS
21,,,,Electronics,00,https://amzn.to/3YKwIuq,,,,,,,,,,,
22,"Apple 2024 MacBook Air 13-inch Laptop with M3 chip: Built for Apple Intelligence, 13.6-inch Liquid Retina Display, 8GB Unified Memory, 512GB SSD Storage, Backlit Keyboard, Touch ID; Midnight","About this item    LEAN. MEAN. M3 MACHINE — With a powerful 8-core CPU and 10-core GPU, the blazing-fast MacBook Air with M3 chip is a superportable laptop that sails through work and play.    BUILT FOR APPLE INTELLIGENCE — Apple Intelligence helps you write, express yourself, and get things done effortlessly. It draws on your personal context while setting a brand-new standard for privacy in AI. Coming in beta this fall.    PORTABLE DESIGN — Lightweight and under half an inch thin, so you can take MacBook Air anywhere you go.    UP TO 18 HOURS OF BATTERY LIFE — Amazing, all-day battery life so you can leave the power adapter at home.    A BRILLIANT DISPLAY — The 13.6-inch Liquid Retina display supports 1 billion colors.    LOOK SHARP, SOUND GREAT — Everything looks and sounds amazing with a 1080p FaceTime HD camera, three mics, and four speakers with Spatial Audio.    APPS FLY WITH APPLE SILICON — All your favorites, from Microsoft 365 to Adobe Creative Cloud, run lightning fast in macOS.       GET CONNECTED — MacBook Air features two Thunderbolt ports, a headphone jack, Wi-Fi 6E, Bluetooth 5.3, and a MagSafe charging port. And connect up to two external displays with the laptop lid closed. IF YOU LOVE IPHONE, YOU’LL LOVE MAC — MacBook Air works like magic with your other Apple devices. Start an email on your iPhone and finish it on your Mac. Send text messages from your Mac. And much more. LEGAL DISCLAIMERS — This is a summary of the main product features. See below to learn more.   Show more",,Electronics,"$1,099.00",https://amzn.to/4dGQPh5,https://m.media-amazon.com/images/I/71-D1xCuVwL.__AC_SY445_SX342_QL70_FMwebp_.jpg,Midnight,Apple,Apple M4,,,,8 GB,512 GB,13.6 Inches,Mac OS
23,"Lenovo Newest V15 Business Laptop | Intel 4-core Processor | 15.6"" FHD (1920 x 1080) | 32GB RAM | 1TB SSD | Ethernet RJ-45 | Military Durability | Windows 11 Pro | w/WOWPC 500GB External Storage","About this item    Powerful Performance: Equipped with an Intel Celeron N5100 processor (4C/4T, 1.1/2.8GHz) and integrated Intel UHD Graphics, ensuring smooth and efficient multitasking for everyday computing tasks.    Generous Storage & Memory: Features 32GB DDR4 RAM and a 1TB SSD for fast data access and ample storage space, perfect for storing large files and applications.    Sleek Design & Display: 15.6"" FHD (1920x1080) anti-glare display delivers clear and vibrant visuals. The laptop has a modern and durable design with a black PC-ABS chassis, weighing just 1.7 kg (3.75 lbs) for portability.    Enhanced Connectivity & Security: Includes multiple ports for versatile connectivity - USB 2.0, USB 3.2 Gen 1, HDMI 1.4b, and RJ-45 Ethernet. Features Wi-Fi 5, Bluetooth 5.1, a camera privacy shutter, Firmware TPM 2.0 for added security, and comes with Windows 11 Pro pre-installed.    Complete Accessory Package for Ultimate Convenience: Alongside the laptop, this package includes a set of valuable accessories to enhance your computing experience. You'll receive a 512GB external hard drive for additional storage, a microfiber cloth for keeping your screen clean and smudge-free, and a hotkey sticker sheet to speed up your workflow. Find your special voucher inside due to package size constraints. Claim your free exclusive gifts with a simple scan, shipped at no extra cost!    ›  See more product details",,Electronics,$549.00,https://amzn.to/4drPlb6,https://m.media-amazon.com/images/I/71TbFwmoB9L.__AC_SX300_SY300_QL70_FMwebp_.jpg,Black,Lenovo,Celeron,‎14.14 x 9.28 x 0.78 inches,3.75lbs,‎2.8 GHz celeron,32 GB,1 TB,15.6 Inches,Windows 11 Pro
24,"Acer Aspire Go 15 Slim Laptop | 15.6"" Full HD IPS 1080P Display | Intel Core i3-N305| Intel UHD Graphics | 8GB LPDDR5 | 128GB HD | Wi-Fi 6 | AI PC | Windows 11 Home in S Mode | AG15-31P-3947","About this item    Speed and Storage: Equipped with an Intel Core i3-N305 processor, 8GB LPDDR5 RAM, and fast 128GB Universal Flash Onboard Storage, this laptop ensures smooth multitasking and responsive performance. Plus, enjoy extended productivity with exceptional battery life.    Copilot in Windows - your AI Assistant: Do more, quicker than ever across multiple applications with the centralized generative AI assistance of Copilot in Windows (in preview). Accessible with a single touch of the Copilot Key    Clarity and Comfort: With its narrow bezel design the 15.6"" 1080p Full HD IPS display is perfect for casual web browsing and watching movies or streaming, allowing for a sharp, detailed view of what's in front of you. And with Acer BluelightShield, lower the levels of blue light to lessen the negative effects of blue light exposure.    The Connectivity: Effortlessly connect or charge your devices through the full-function USB Type-C port—while Wi-Fi 6 and HDMI 2.1 enhance your digital experiences to be faster, smoother, and more enjoyable.    Unlock More with AcerSense: Your device health and battery life are in good hands with AcerSense, which also optimizes storage space, monitors your apps, and much more. It’s a versatile tool for a smoother, more user-friendly experience.    Kinder to the Planet: Packaged in 100% recyclable materials and featuring a back cover made from 30% recycled plastic, Aspire Go 15 holds both Energy Star certification and EPEAT Silver registration, empowering you to make a more responsible choice.    Internal Specifications: 8GB LPDDR5 memory; 128GB Universal Flash Onboard Storage to store your files and media; Windows 11 Home in S mode       Connections: 802.11ax Wi-Fi 6 Dual-Band 2.4GHz and 5GHz featuring 1x1 MU-MIMO technology; Supports Bluetooth 5.1 or above Video calling has never been so good on the 720p HD camera—which uses Acer’s TNR technology for high-quality imagery in low-light conditions along with Acer PurifiedVoice with AI Noise Reduction. Ports For All Your Accessories: 1 - USB Type-C Port USB 3.2 Gen 2 (up to 10 Gbps) DisplayPort over USB Type-C & USB Charging, 2 - USB 3.2 Gen 1 Ports, 1 - HDMI 2.1 Port with HDCP support, 1 - Headphone/Speaker/Line-Out Jack, 1 - Kensington Lock Slot, 1 - DC-in for AC adapter   Show more",,Electronics,$285.00,https://amzn.to/4cnNfYf,https://m.media-amazon.com/images/I/71wKJVtV-+L._AC_SY300_SX300_.jpg,Silver,acer,Intel Core i3,‎14.29 x 0.74 x 9.44 inches,‎3.86 pounds,‎1.8 GHz apple_ci3,8 GB,128 GB,15.6 Inches,Windows 11 S
25,"HP Newest 15.6"" Multitasking Slim Laptop, 16GB RAM, 256GB Storage (128GB SSD Onboard and 128GB External Drive), Free Office 365 1-Year, Intel 4-core Processor, Up to 11 hrs Long Battery, Windows 11","About this item    【Processor& System】The Intel Quad-Core Pentium N200 processor, 2.7 GHz-4 cores-4 threads, Windows 11 Home.    【Display】15.6"" display (1366x768) with narrow bezels and anti-glare design delivers a vivid and clear visual experience. Battery supports Up to 11 hours and 45 minutes video playback.    【Keyboard】Full-size soft keyboard with numeric keypad and function keys like camera shutter, microphone mute key and airplane mode key.    【Storage & Ports】16GB RAM, 128GB UFS and 128GB External SSD Storage. High Speed and Reliability. Multiple ports: USB Type-C, USB Type-A, HDMI, Wi-Fi 6, and Bluetooth 5.    【Dimenssion& Weight】Measuring 20.47 x 12.01 x 2.72 inches and weighing just 3.24 lbs, its sleek design ensures fashionable portability on-the-go.    ›  See more product details",,Electronics,$349.85,https://amzn.to/4dnap27,https://m.media-amazon.com/images/I/71J+mLXNfOL._AC_SY300_SX300_.jpg,Black,HP,Intel Mobile CPU,‎15.6 x 3 x 12 inches,3.24lbs,‎2.7 Intel_Mobile_CPU,16 GB,128 GB,15.6,Windows 11
26,HP Slim 14 HD Laptop • Back to School Limited Edition with 1 Year Microsoft 365 • Intel Quad-Core Processor • 16GB RAM • 1TB Storage • Long Battery Life • w/WOWPC Bundle • Windows 11,"About this item    Back to School Limited Edition for Students: Equipped with an Intel Pentium Silver N5030 quad-core processor, perfect for managing educational tasks, with a 1-year subscription to Microsoft 365 for enhanced productivity and collaboration.    Expand Your Storage on Us: This laptop includes a 512GB SSD and a 512GB external hard drive at NO EXTRA COST, totaling 1TB of space.    Ultra-Portable with Long Battery Life: Lightweight at just 3.24 pounds and 0.71 inches thin, featuring a battery that lasts up to 11.5 hours, ideal for students and professionals on the go.    Enhanced Connectivity and Portability: Features multiple ports including USB-C and HDMI for versatile connections, along with a sleek, silver design that’s easy to carry and stylish to display.    Exclusive Bundle Inside: Alongside the laptop, this package includes a set of valuable accessories to enhance your computing experience. You'll receive a 512GB external hard drive for additional storage, a microfiber cloth for keeping your screen clean and smudge-free, and a hotkey sticker sheet to speed up your workflow. Find your special voucher inside due to package size constraints. Claim your exclusive bundle with a simple scan, shipped at no extra cost!    ›  See more product details",,Electronics,$399.00,https://amzn.to/4dIUcUK,https://m.media-amazon.com/images/I/71I5yM9Sc+L._AC_SY300_SX300_.jpg,Silver,HP,Pentium,‎12.7 x 8.8 x 0.7 inches,3.24pounds,‎3.1 GHz pentium,16 GB,1 TB,14 Inches,Windows 11 Home
27,HP Slim 14 HD Laptop • Back to School Limited Edition with 1 Year Microsoft 365 • Intel Quad-Core Processor • 8GB RAM • 768GB Storage • Long Battery Life • w/WOWPC Bundle • Windows 11,"About this item    Back to School Limited Edition for Students: Equipped with an Intel Pentium Silver N5030 quad-core processor, perfect for managing educational tasks, with a 1-year subscription to Microsoft 365 for enhanced productivity and collaboration.    Expand Your Storage on Us: This laptop includes a 256GB SSD and a 512GB external hard drive at NO EXTRA COST, totaling 768GB of space.    Ultra-Portable with Long Battery Life: Lightweight at just 3.24 pounds and 0.71 inches thin, featuring a battery that lasts up to 11.5 hours, ideal for students and professionals on the go.    Enhanced Connectivity and Portability: Features multiple ports including USB-C and HDMI for versatile connections, along with a sleek, silver design that’s easy to carry and stylish to display.    Exclusive Bundle Inside: Alongside the laptop, this package includes a set of valuable accessories to enhance your computing experience. You'll receive a 512GB external hard drive for additional storage, a microfiber cloth for keeping your screen clean and smudge-free, and a hotkey sticker sheet to speed up your workflow. Find your special voucher inside due to package size constraints. Claim your exclusive bundle with a simple scan, shipped at no extra cost!    ›  See more product details",,Electronics,$298.99,https://amzn.to/4dGQZ8b,https://m.media-amazon.com/images/I/71I5yM9Sc+L._AC_SY300_SX300_.jpg,Silver,HP,Pentium,‎12.7 x 8.8 x 0.7 inches,3.24pounds,‎3.1 GHz pentium,8 GB,768 GB,14 Inches,Windows 11 Home
28,"Acer Nitro V Gaming Laptop | Intel Core i7-13620H Processor | NVIDIA GeForce RTX 4050 Laptop GPU | 15.6"" FHD IPS 144Hz Display | 16GB DDR5 | 512GB Gen 4 SSD | WiFi 6 | Backlit KB | ANV15-51-73B9","About this item    Beyond Performance: Empower your gaming and creativity with the Nitro V 15, combining a 13th Gen Intel Core i7-13620H processor with the NVIDIA GeForce RTX 4050 Laptop GPU    Picture-Perfect. Furiously Fast: See your digital conquests unfold in vibrant Full HD on a 15.6"" screen, perfectly timed at a quick 144Hz refresh rate and a wide 16:9 aspect ratio providing 82.64% screen-to-body ratio.    Internal Specifications: 16GB DDR5 Memory (2 DDR5 Slots Total, Maximum 32GB); 512GB PCIe Gen 4 SSD (2 x PCIe M.2 Slots)    Stay Connected: Your gaming sanctuary is wherever you are. On the couch? Settle in with fast and stable Wi-Fi 6. Gaming cafe? Get an edge online with Gigabit Ethernet. No matter your location, Nitro V 15 ensures you're always in the driver's seat.    Thunderbolt 4: With the powerful Thunderbolt 4 port, you have the trifecta of power charging and data transfer with bidirectional movement and video display in one interface.    Chilled to Perfection: Keep your cool amidst the fiercest gaming galaxies, thanks to Nitro V 15's innovative dual fans and effective exhaust system.    Always Be Heard and Seen: Experience crystal clear communication with AI-powered Acer PurifiedView and PurifiedVoice noise reduction technology. You'll feel like you're in the command center of a spaceship, with pinpoint sound accuracy giving you the edge in your gaming skirmishes.       No Limits with NitroSense: Channel your inner gaming strategist with the NitroSense utility app. Fine-tune your gaming setup to match your style, be it adjusting fan speeds for those heated battles or customizing lighting for immersive exploration Ports For All Your Accessories: 1 - USB Type-C Port USB 3.2 Gen 2 (up to 10 Gbps) DisplayPort over USB Type-C, Thunderbolt 4 & USB Charging, 1 - USB 3.2 Gen 2 Port (Featuring Power-off Charging), 2 - USB 3.2 Gen 1 ports, 1 - HDMI 2.1 Port with HDCP support, 1 - Headphone/Speaker/Line-out Jack, 1 - Ethernet (RJ-45), DC-in for AC adapter The Right Fit: 14.26"" W x 9.44"" D x 0.93/1.06"" H; 4.66 lbs.; One-Year International Travelers Limited Warranty (ITW)   Show more",,Electronics,$849.99,https://amzn.to/3X5oydJ,https://m.media-amazon.com/images/I/71F-Wcriq4L.__AC_SY300_SX300_QL70_FMwebp_.jpg,Black,acer,Intel Core i7,‎14.26 x 0.93 x 9.44 inches,4.66lbs,‎2.4 GHz apple_ci7,16 GB,512 GB,15.6 Inches,Windows 11 Home
29,"HP 15.6"" Portable Laptop (Include 1 Year Microsoft 365), HD Display, Intel Quad-Core N200 Processor, 16GB RAM, 128GB Storage, Wi-Fi 5, Webcam, HDMI, Numeric Keypad, Windows 11 Home, Red","About this item    【High Speed RAM And Enormous Space】16GB high-bandwidth RAM to smoothly run multiple applications and browser tabs all at once; 128GB UFS SSD allows to fast bootup and data transfer    【Processor】Intel N200 Processor (4 Cores, 4 Threads, 6MB Intel Smart Cache, up to 3.7GHz Turbo)    【Display】15.6"" diagonal, HD (1366 * 768) Screen    【Tech Specs】2 x USB 3.0 Type-A, 1 x USB Type-C, 1 x HDMI, 1 x headphone/microphone combo, Numeric Keyboard, Webcam, Wi-Fi 5 and Bluetooth    【Operating System】Windows 11 Home - Beautiful, more consistent new design, Great window layout options, Better multi-monitor functionality, Improved performance features, New videogame selection and capabilities, Compatible with Android Apps    ›  See more product details",,Electronics,$307.00,https://amzn.to/3WRIHDY,https://m.media-amazon.com/images/I/71pTP-ll4sL.__AC_SX300_SY300_QL70_FMwebp_.jpg,Red,HP,Pentium,‎14.17 x 9.29 x 0.73 inches,‎3.52 pounds,‎3.7 GHz pentium,16 GB,128 GB,15.6 Inches,Windows 11 Home
30,"HP 15.6"" Portable Laptop (Include 1 Year Microsoft 365), HD Display, Intel Quad-Core N200 Processor, 8GB RAM, 128GB Storage, Wi-Fi 5, Webcam, HDMI, Numeric Keypad, Windows 11 Home, Red","About this item    【High Speed RAM And Enormous Space】8GB high-bandwidth RAM to smoothly run multiple applications and browser tabs all at once; 128GB UFS SSD allows to fast bootup and data transfer    【Processor】Intel N200 Processor (4 Cores, 4 Threads, 6MB Intel Smart Cache, up to 3.7GHz Turbo)    【Display】15.6"" diagonal, HD (1366 * 768) Screen    【Tech Specs】2 x USB 3.0 Type-A, 1 x USB Type-C, 1 x HDMI, 1 x headphone/microphone combo, Numeric Keyboard, Webcam, Wi-Fi 5 and Bluetooth    【Operating System】Windows 11 Home - Beautiful, more consistent new design, Great window layout options, Better multi-monitor functionality, Improved performance features, New videogame selection and capabilities, Compatible with Android Apps    ›  See more product details",,Electronics,$299.99,https://amzn.to/4coSirm,https://m.media-amazon.com/images/I/71pTP-ll4sL.__AC_SX300_SY300_QL70_FMwebp_.jpg,Red,HP,Pentium,‎14.17 x 9.29 x 0.73 inches,‎3.52 pounds,‎3.7 GHz pentium,8 GB,128 GB,15.6 Inches,Windows 11 Home
31,"HP Newest Essential 14 Everyday Laptop with Free AI-Powered Microsoft 365, 16GB RAM, 640GB Storage(512GB PCIe SSD and P-100 128GB External Drive), Intel 4-Core Processor, 14"" HD Display, Windows 11","About this item    【Make the most out of your 365】Bring your ideas to life.Your creativity now gets a boost with Microsoft 365. Office - Word, Excel, and Power Point - now includes smart assistance features that help make your writing more readable, your data clearer and your presentations more visually powerful. 1-Year subscription included.    【Fast Charge】Recharges your battery up to 50% within 45 minutes when the system is off (using “shut down” command). After charging has reached 50% capacity, charging speed will return to normal speed.    【Processor】HP laptop equipped with Intel 4-Core N5030 processor, 1.1GHz(Up to Turbo Boost 3.1 GHz, 4cores, 4 threads), this processor ensures reliable and responsive performance, making it well-suited for everyday tasks, from work to entertainment.    【14"" HD Display】Navigate your tasks effortlessly on the 14"" display, providing a user-friendly and interactive interface for enhanced productivity and convenience. The Intel UHD Graphics provide clear visuals for everyday computing, ensuring a smooth experience whether you're working or enjoying multimedia content.    【Stay Close To Home】 Even when traveling, you can see your loved ones' faces in vibrant clarity by video chatting on the HP True Vision HD Camera, including automatic noise removal to improve conversations    ›  See more product details",,Electronics,$332.26,https://amzn.to/3SM1OxT,https://m.media-amazon.com/images/I/71zI0usOiLL.__AC_SX300_SY300_QL70_FMwebp_.jpg,,HP,Pentium,‎17 x 5 x 5 inches,‎4.34 pounds,‎1.2 pentium,16 GB,640 GB,14,Windows 11
32,"HP 2024 Newest Business Laptop, 17.3"" Touchscreen, AMD Ryzen 5 7530U(6-core), 32GB RAM, 1TB SSD, AMD Radeon Graphics, HD Webcam, WiFi 6, Bluetooth, Windows 11 Pro, with USB WiFi Adapter","About this item    【Powerful Processor】Experience seamless multitasking with the AMD Ryzen 5 7530U Processor, clocking in at 2GHz (with Turbo Boost up to 4.5 GHz). Boasting 6 cores and 12 threads, this laptop effortlessly handles demanding applications, ensuring a smooth workflow for users with diverse computing needs.    【Expansive Touchscreen Display】Immerse yourself in work and entertainment with the HP Business Laptop's spacious 17.3"" touchscreen display. Ideal for professionals craving a larger canvas for their tasks, this vibrant display, paired with AMD Radeon Graphics, delivers a heightened visual experience.    【Enhanced Performance】Elevate your computing experience with up to 64GB of high-bandwidth DDR4 RAM, designed for smooth application performance and seamless multitasking. With up to 2TB of storage capacity, you'll have ample space to store all your files and data, ensuring nothing holds back your productivity.    【Efficient Connectivity】Stay productive and connected with confidence, thanks to the Wi-Fi 6 and Bluetooth Combo, ensuring secure browsing and efficient wireless communication. Equipped with essential ports including 3.5mm Headphone/Microphone combo, 2 x USB-A 3.0, 1 x USB-C 3.0, HDMI, and 1 AC smart pin, this laptop provides versatile connectivity options to meet your needs.    【Crystal-Clear Video Conferencing】Experience clear and sharp video quality with the integrated HP TrueVision camera, offering high-definition resolution of 720p. Perfect for video conferencing, online meetings, or virtual collaboration, this feature ensures you always make a professional impression.    ›  See more product details",,Electronics,$799.00,https://amzn.to/4dj1Aq8,https://m.media-amazon.com/images/I/71czAzYrWuL.__AC_SX300_SY300_QL70_FMwebp_.jpg,Silver,HP,Ryzen 5,‎15.78 x 0.78 x 10.15 inches,‎4.58 pounds,‎4.5 GHz ryzen_5,32 GB,1 TB,17.3 Inches,Windows 11 Home
33,"DELL Inspiron 15 3000 3520 Business Laptop Computer 15.6'' FHD Touchscreen,11th Gen Intel 4 Cores i5-1155G7, with Microsoft Office 365,12G,512GB, Numeric Keypad, Wi-Fi, Webcam, HDMI, Black","About this item    【15.6"" Full HD Touchscreen】The 1920 x 1080 resolution boasts impressive color and clarity. IPS technology for wide viewing angles. Energy-efficient LED backlight. Designed with tiny rubber feet and bumpers on the hinge that keep it from skidding and provide additional stability.    【11th Gen Intel Core i5-1155G7 Processor】Ultra-low-voltage platform. Quad-core, eight-way processing provides maximum high-efficiency power to go. Your always-ready experience starts as soon as you open your device. Turn on, boot-up, and log-in quickly.    【12GB DDR4 RAM + 1TB PCIe SSD】12GB RAM can smoothly run your games and photo- and video-editing applications, as well as multiple programs and browser tabs all at once. A 512GB NVMe PCIe solid slate drive that leaves the power at your fingertips with the fastest data transfers currently available.    【Easy-to-use Technology】Long-lasting battery and express charge capability, to keep going for longer. Comes with Express Charge capabilities that minimize the time you spend tethered to an outlet and will recharge your battery 80% in 60 minutes. Built-in media reader for simple photo transfer.    【Windows 11 Home】Experience the most secure Windows ever built with fast boot times, increased responsiveness, and added protection against phishing and malware. Plus, you can switch out of S mode.    ›  See more product details",,Electronics,$440.39,https://amzn.to/4dppRLs,https://m.media-amazon.com/images/I/61hgevFPmgL.__AC_SY300_SX300_QL70_FMwebp_.jpg,Black,Dell,Intel Core i5,‎14.11 x 9.27 x 0.83 inches,‎5 pounds,‎4.6 GHz apple_ci5,12 GB,512 GB,15.6 Inches,Windows 11 Pro
34,"DELL Inspiron 15 3000 3520 Business Laptop Computer 15.6'' FHD Touchscreen,11th Gen Intel 4 Cores i5-1155G7, with Microsoft Office 365,16G,512GB, Numeric Keypad, Wi-Fi, Webcam, HDMI, Black","About this item    【15.6"" Full HD Touchscreen】The 1920 x 1080 resolution boasts impressive color and clarity. IPS technology for wide viewing angles. Energy-efficient LED backlight. Designed with tiny rubber feet and bumpers on the hinge that keep it from skidding and provide additional stability.    【11th Gen Intel Core i5-1155G7 Processor】Ultra-low-voltage platform. Quad-core, eight-way processing provides maximum high-efficiency power to go. Your always-ready experience starts as soon as you open your device. Turn on, boot-up, and log-in quickly.    【16GB DDR4 RAM + 512GB PCIe SSD】16GB RAM can smoothly run your games and photo- and video-editing applications, as well as multiple programs and browser tabs all at once. A 512GB NVMe PCIe solid slate drive that leaves the power at your fingertips with the fastest data transfers currently available.    【Easy-to-use Technology】Long-lasting battery and express charge capability, to keep going for longer. Comes with Express Charge capabilities that minimize the time you spend tethered to an outlet and will recharge your battery 80% in 60 minutes. Built-in media reader for simple photo transfer.    【Windows 11 Home】Experience the most secure Windows ever built with fast boot times, increased responsiveness, and added protection against phishing and malware. Plus, you can switch out of S mode.    ›  See more product details",,Electronics,$459.91,https://amzn.to/4crYMG7,https://m.media-amazon.com/images/I/61hgevFPmgL.__AC_SY300_SX300_QL70_FMwebp_.jpg,Black,Dell,Intel Core i5,‎14.11 x 9.27 x 0.83 inches,‎5 pounds,‎4.6 GHz apple_ci5,16 GB,512 GB,15.6 Inches,Windows 11 Home
35,"DELL Inspiron 15 3000 3520 Business Laptop Computer 15.6'' FHD Touchscreen,11th Gen Intel 4 Cores i5-1155G7, with Microsoft Office 365,32G,1TB, Numeric Keypad, Wi-Fi, Webcam, HDMI, Black","About this item    【15.6"" Full HD Touchscreen】The 1920 x 1080 resolution boasts impressive color and clarity. IPS technology for wide viewing angles. Energy-efficient LED backlight. Designed with tiny rubber feet and bumpers on the hinge that keep it from skidding and provide additional stability.    【11th Gen Intel Core i5-1155G7 Processor】Ultra-low-voltage platform. Quad-core, eight-way processing provides maximum high-efficiency power to go. Your always-ready experience starts as soon as you open your device. Turn on, boot-up, and log-in quickly.    【32GB DDR4 RAM + 1TB PCIe SSD】32GB RAM can smoothly run your games and photo- and video-editing applications, as well as multiple programs and browser tabs all at once. A 1TB NVMe PCIe solid slate drive that leaves the power at your fingertips with the fastest data transfers currently available.    【Easy-to-use Technology】Long-lasting battery and express charge capability, to keep going for longer. Comes with Express Charge capabilities that minimize the time you spend tethered to an outlet and will recharge your battery 80% in 60 minutes. Built-in media reader for simple photo transfer.    【Windows 11 Home】Experience the most secure Windows ever built with fast boot times, increased responsiveness, and added protection against phishing and malware. Plus, you can switch out of S mode.    ›  See more product details",,Electronics,$528.90,https://amzn.to/46L8lyu,https://m.media-amazon.com/images/I/61hgevFPmgL.__AC_SY300_SX300_QL70_FMwebp_.jpg,Black,Dell,Intel Core i5,‎14.11 x 9.27 x 0.83 inches,‎5 pounds,‎4.6 GHz apple_ci5,32 GB,1 TB,15.6 Inches,Windows 11 Pro
36,"ASUS TUF Gaming A15 (2024) Gaming Laptop, 15.6” FHD 144Hz Display, NVIDIA® GeForce RTX™ 2050, AMD Ryzen™ 5 7535HS, 8GB DDR5, 512GB PCIe® Gen4 NVMe™ SSD, Wi-Fi 6, Windows 11, FA506NF-ES51","About this item    READY FOR ANYTHING - Jump right into the action with Windows 11, an AMD Ryzen 5 7535HS processor, and NVIDIA GeForce RTX 2050 Laptop GPU (up to 70W TGP with Dynamic Boost).    SWIFT MEMORY AND STORAGE – Multitask faster with 8GB of DDR5-5600MHz memory and speed up loading times with 512GB of PCIe 4.0.    NEVER MISS A MOMENT – Keep up with the pros thanks to the fast FHD 144Hz display. Adaptive-Sync technology reduces lag, minimizes stuttering, and eliminates visual tearing for ultra-smooth and lifelike gameplay.    BLOW AWAY THE COMPETITION – The TUF is equipped to handle its high-power CPU with a pair of 84-blade Arc Flow Fans which improves cooling performance without extra noise.    MILITARY GRADE TOUGHNESS – In order to earn the TUF Gaming name, these laptops must successfully survive a rigorous battery of MIL-STD-810H* tests. Test devices are exposed to drops, vibration, humidity, and extreme temperatures to ensure reliability.    ›  See more product details",,Electronics,$681.97,https://amzn.to/3ysfNSJ,https://m.media-amazon.com/images/I/81kxce-AlLL.__AC_SX300_SY300_QL70_FMwebp_.jpg,Graphite Black,ASUS,Ryzen 5,‎14.13 x 0.9 x 10.08 inches,‎7.74 pounds,‎4.5 GHz ryzen_5,8 GB,512 GB,15.6 Inches,Windows 11 Home
37,"ASUS ROG Strix G16 (2024) Gaming Laptop, 16” 16:10 FHD 165Hz Display, NVIDIA® GeForce RTX™ 4060, Intel Core i7-13650HX, 16GB DDR5, 1TB PCIe Gen4 SSD, Wi-Fi 6E, Windows 11, G614JV-AS74","About this item    POWER UP YOUR PLAY - Win more games with Windows 11, a 13th Gen Intel Core i7-13650HX processor, and an NVIDIA GeForce RTX 4060 Laptop GPU at 140W Max TGP.    BLAZING FAST MEMORY AND STORAGE – Multitask swiftly with 16GB of DDR5-4800MHz memory and 1TB of PCIe Gen4 SSD.    ROG INTELLIGENT COOLING – The Strix G16 features Thermal Grizzly’s Conductonaut Extreme liquid metal on the CPU, and a third intake fan among other premium features, to allow for better sustained performance over long gaming sessions.    SWIFT DISPLAY – The Strix G16 features a FHD 165Hz panel, 100% sRGB, Pantone Validation, among other premium features on the Strix G16.    XBOX GAME PASS – Get a free 90-day pass and gain access to over 100 high-quality games. With games added all the time, there’s always something new to play    ›  See more product details",,Electronics,"$1,164.99",https://amzn.to/46PdPbM,https://m.media-amazon.com/images/I/81GrCeuCzxL.__AC_SY300_SX300_QL70_FMwebp_.jpg,Eclipse Gray,ASUS,Core i7,‎13.94 x 0.89 x 10.39 inches,‎5.51 pounds,‎4.9 GHz core_i7,16 GB,1 TB,16 Inches,Windows 11 Home
38,"Apple 2024 MacBook Air 15-inch Laptop with M3 chip: Built for Apple Intelligence, 15.3-inch Liquid Retina Display, 8GB Unified Memory, 256GB SSD Storage, Backlit Keyboard, Touch ID; Silver","About this item    LEAN. MEAN. M3 MACHINE — With a powerful 8-core CPU and up to 10-core GPU, the blazing-fast MacBook Air with M3 chip is a superportable laptop that sails through work and play.    BUILT FOR APPLE INTELLIGENCE — Apple Intelligence helps you write, express yourself, and get things done effortlessly. It draws on your personal context while setting a brand-new standard for privacy in AI. Coming in beta this fall.    PORTABLE DESIGN — Lightweight and under half an inch thin, so you can take MacBook Air anywhere you go.    UP TO 18 HOURS OF BATTERY LIFE — Amazing, all-day battery life so you can leave the power adapter at home.    MORE ROOM FOR WHAT YOU LOVE — The 15.3-inch Liquid Retina display supports 1 billion colors.    LOOK SHARP, SOUND GREAT — Everything looks and sounds amazing with a 1080p FaceTime HD camera, three mics, and six speakers with Spatial Audio.    APPS FLY WITH APPLE SILICON — All your favorites, from Microsoft 365 to Adobe Creative Cloud, run lightning fast in macOS.       GET CONNECTED — MacBook Air features two Thunderbolt ports, a headphone jack, Wi-Fi 6E, Bluetooth 5.3, and a MagSafe charging port. And connect up to two external displays with the laptop lid closed. IF YOU LOVE IPHONE, YOU’LL LOVE MAC — MacBook Air works like magic with your other Apple devices. Start an email on your iPhone and finish it on your Mac. Send text messages from your Mac. And much more. LEGAL DISCLAIMERS — This is a summary of the main product features. See below to learn more.   Show more",,Electronics,00,https://amzn.to/3SMMEsa,https://m.media-amazon.com/images/I/71h-tsPzk5L.__AC_SY445_SX342_QL70_FMwebp_.jpg,Silver,Apple,Apple M4,,,,8 GB,256 GB,15.3 Inches,Mac OS
39,"Apple 2024 MacBook Air 15-inch Laptop with M3 chip: Built for Apple Intelligence, 15.3-inch Liquid Retina Display, 8GB Unified Memory, 512GB SSD Storage, Backlit Keyboard, Touch ID; Midnight","About this item    LEAN. MEAN. M3 MACHINE — With a powerful 8-core CPU and up to 10-core GPU, the blazing-fast MacBook Air with M3 chip is a superportable laptop that sails through work and play.    BUILT FOR APPLE INTELLIGENCE — Apple Intelligence helps you write, express yourself, and get things done effortlessly. It draws on your personal context while setting a brand-new standard for privacy in AI. Coming in beta this fall.    PORTABLE DESIGN — Lightweight and under half an inch thin, so you can take MacBook Air anywhere you go.    UP TO 18 HOURS OF BATTERY LIFE — Amazing, all-day battery life so you can leave the power adapter at home.    MORE ROOM FOR WHAT YOU LOVE — The 15.3-inch Liquid Retina display supports 1 billion colors.    LOOK SHARP, SOUND GREAT — Everything looks and sounds amazing with a 1080p FaceTime HD camera, three mics, and six speakers with Spatial Audio.    APPS FLY WITH APPLE SILICON — All your favorites, from Microsoft 365 to Adobe Creative Cloud, run lightning fast in macOS.       GET CONNECTED — MacBook Air features two Thunderbolt ports, a headphone jack, Wi-Fi 6E, Bluetooth 5.3, and a MagSafe charging port. And connect up to two external displays with the laptop lid closed. IF YOU LOVE IPHONE, YOU’LL LOVE MAC — MacBook Air works like magic with your other Apple devices. Start an email on your iPhone and finish it on your Mac. Send text messages from your Mac. And much more. LEGAL DISCLAIMERS — This is a summary of the main product features. See below to learn more.   Show more",,Electronics,"$1,249.00",https://amzn.to/3SK3eJa,https://m.media-amazon.com/images/I/71O14N5GYLL.__AC_SY445_SX342_QL70_FMwebp_.jpg,Midnight,Apple,Apple M4,,,,8 GB,512 GB,15.3 Inches,Mac OS
40,"Apple 2024 MacBook Air 15-inch Laptop with M3 chip: Built for Apple Intelligence, 15.3-inch Liquid Retina Display, 8GB Unified Memory, 256GB SSD Storage, Backlit Keyboard, Touch ID; Space Gray","About this item    LEAN. MEAN. M3 MACHINE — With a powerful 8-core CPU and up to 10-core GPU, the blazing-fast MacBook Air with M3 chip is a superportable laptop that sails through work and play.    BUILT FOR APPLE INTELLIGENCE — Apple Intelligence helps you write, express yourself, and get things done effortlessly. It draws on your personal context while setting a brand-new standard for privacy in AI. Coming in beta this fall.    PORTABLE DESIGN — Lightweight and under half an inch thin, so you can take MacBook Air anywhere you go.    UP TO 18 HOURS OF BATTERY LIFE — Amazing, all-day battery life so you can leave the power adapter at home.    MORE ROOM FOR WHAT YOU LOVE — The 15.3-inch Liquid Retina display supports 1 billion colors.    LOOK SHARP, SOUND GREAT — Everything looks and sounds amazing with a 1080p FaceTime HD camera, three mics, and six speakers with Spatial Audio.    APPS FLY WITH APPLE SILICON — All your favorites, from Microsoft 365 to Adobe Creative Cloud, run lightning fast in macOS.       GET CONNECTED — MacBook Air features two Thunderbolt ports, a headphone jack, Wi-Fi 6E, Bluetooth 5.3, and a MagSafe charging port. And connect up to two external displays with the laptop lid closed. IF YOU LOVE IPHONE, YOU’LL LOVE MAC — MacBook Air works like magic with your other Apple devices. Start an email on your iPhone and finish it on your Mac. Send text messages from your Mac. And much more. LEGAL DISCLAIMERS — This is a summary of the main product features. See below to learn more.   Show more",,Electronics,00,https://amzn.to/3Z22zqH,https://m.media-amazon.com/images/I/71zbUS9KpQL.__AC_SY445_SX342_QL70_FMwebp_.jpg,Space Gray,Apple,Apple M4,,,,8 GB,256 GB,15.3 Inches,Mac OS
41,"Late 2020 Apple MacBook Air with Apple M1 Chip (13.3 inch, 8GB RAM, 128GB SSD) Space Gray (Renewed)","About this item    Retina display; 13.3-inch (diagonal) LED-backlit display with IPS technology (2560x1600 native resolution)    Apple M1 chip with 8 cores (4 performance cores and 4 efficiency cores), a 7-core GPU and a 16-core Neural Engine    8GB memory | 128GB SSD    Backlit Magic Keyboard | Touch ID sensor | 720p FaceTime HD camera    802.11ax Wi-Fi 6 wireless networking, IEEE 802.11a/b/g/n/ac compatible | Bluetooth 5.0 wireless technology    ›  See more product details",,Electronics,$518.50,https://amzn.to/3WInegE,https://m.media-amazon.com/images/I/41DeT328kPL.__AC_SX300_SY300_QL70_FMwebp_.jpg,,Apple,Apple M1,‎17 x 12 x 3 inches,‎4.6 pounds,‎3.2 GHz apple_m1,8 GB,128 GB,13.3 Inches,Mac OS
42,"Lenovo V-Series V15 Business Laptop, 15.6"" FHD Display, AMD Ryzen 7 7730U, 16GB RAM, 1TB SSD, Numeric Keypad, HDMI, RJ45, Webcam, Wi-Fi 6, Windows 11 Pro, Black","About this item    [High Speed RAM And Enormous Space] 16GB high-bandwidth RAM to smoothly run multiple applications and browser tabs all at once; 1TB PCIe NVMe M.2 Solid State Drive allows to fast bootup and data transfer    [Processor] AMD Ryzen 7 7730U Processor (8 Cores, 16 Threads, 16MB Cache, Base at 2.0 GHz, Up to 4.5 GHz Max Turbo Frequency), with AMD Radeon Graphics    [Display] 15.6"" FHD (1920 x 1080) Display    [Tech Specs] 1 x USB 3.2 Type-C, 1 x USB 3.2 Type-A, 1 x USB 2.0 Type-A, 1 x HDMI, 1 x RJ45, 1 x headphone/microphone combo, Webcam, Numeric Keypad, Wi-Fi 6 and Bluetooth    [Operating System] Windows 11 Pro - Organize open apps with pre-configured layouts to optimize productivity, Navigate with more intuitive experience to get things done, Collaborate with teams with more features    ›  See more product details",,Electronics,$659.00,https://amzn.to/3X3DMB8,https://m.media-amazon.com/images/I/71TN6dLVcsL.__AC_SX300_SY300_QL70_FMwebp_.jpg,Black,Lenovo,AMD Ryzen 7,‎14.13 x 9.29 x 0.78 inches,‎3.59 pounds,‎4.5 GHz amd_ryzen_7,16 GB,1 TB,15.6 Inches,Windows 11 Pro
43,"Lenovo IdeaPad 1 Student Laptop, Intel Dual Core Processor, 8GB RAM, 128GB SSD + 128GB eMMC, 15.6"" FHD Display, 1 Year Office 365, Windows 11 Home, Wi-Fi 6, Webcam, Bluetooth, SD Card Reader, Grey","About this item    【High Speed RAM And Enormous Space】8GB high-bandwidth RAM to smoothly run multiple applications and browser tabs all at once; 128GB PCIe NVMe M.2 Solid State Drive + 128GB eMMC allows to fast bootup and data transfer    【Processor】Intel Celeron N4500 Processor (Cores:2, Threads:2; Clockspeed:1.1 GHz Turbo Speed: 2.8GHz; Cache Size: 4MB Intel Smart Cache)    【Display】15.6"" FHD (1920x1080), 250nits, IPS-Level, Anti-glare    【Tech Specs】 1 x Card reader; 1 x HDMI 1.4b; 1 x USB-A 2.0; 1 x USB-C 3.2 Gen 1 (support data transfer only); 1 x USB-A 3.2 Gen 1; 1 x Headphone / microphone combo jack (3.5mm);    【Operating System】Windows 11 Home - Beautiful, more consistent new design, Great window layout options, Better multi-monitor functionality, Improved performance features, New videogame selection and capabilities, Compatible with Android Apps    ›  See more product details",,Electronics,$375.05,https://amzn.to/3YFOAX5,https://m.media-amazon.com/images/I/61ZCdzmymsL.__AC_SX300_SY300_QL70_FMwebp_.jpg,Gray,Lenovo,Celeron,‎14.18 x 9.29 x 0.7 inches,‎3.42 pounds,‎1.1 GHz celeron,8 GB,128 GB,15.6 Inches,Windows 11 Home
44,"Lenovo IdeaPad 3i Chromebook, 15.6” FHD Display, Intel Celeron N4500, 8GB RAM, 64GB eMMC, 1920x1080 px, 720p Camera, Chrome OS, Abyss Blue","About this item    TOP PERFORMANCE, SLEEK DESIGN: Experience smooth multitasking and speedy performance with the Lenovo IdeaPad 3i Chromebook, perfect for work or play on the go    POWERFUL PROCESSING: The Intel Celeron N4500 processor's impressive capabilities ensure seamless operation and swift responsiveness    VIVID VISUALS WITH IMMERSIVE CLARITY: Vibrant visuals on the 15.6"" FHD 1920x1080 display deliver crisp images and sharp details for an enhanced visual experience    AMPLE STORAGE FOR YOUR DIGITAL WORLD: Enjoy convenient access to your files and applications with 64GB of eMMC storage, which provides space for documents, photos, videos, and more    VERSATILE CONNECTIVITY OPTIONS: Stay connected with a range of ports, including USB 3.2 Gen 1 and USB-C 3.2 Gen 1, that offer plenty of plug-ins for your accessories    ALL-DAY BATTERY LIFE FOR UNINTERRUPTED USAGE: The IdeaPad 3i Chromebook offers up to 10 hours of battery life so you can experience the freedom to work and play uninterrupted    ENHANCED DEVICE SECURITY: Protect your Chromebook from theft and unauthorized access with a physical laptop lock to enjoy peace of mind in any environment       CRYSTAL-CLEAR VIDEO CALLS WITH PRIVACY PROTECTION: Enjoy sharp, clear video calls with the HD 720p camera that heightens your video quality at every meeting SLIM AND PORTABLE DESIGN: This lightweight computer offers a sleek and compact form that easily slips into your bag or backpack WORKING TOWARDS A BRIGHT FUTURE: As tech optimists who believe in both technology's potential and a diverse perspective, we at Lenovo look to empower customers and employees to transform their world with smarter solutions designed by our global team   Show more",,Electronics,$219.00,https://amzn.to/3YLDn7s,https://m.media-amazon.com/images/I/71bwzCMcQvL.__AC_SX300_SY300_QL70_FMwebp_.jpg,Blue,Lenovo,Celeron P4500,‎14.25 x 9.57 x 0.75 inches,‎5.49 pounds,‎1.1 GHz Celeron_P4500,8 GB,64 GB,15.6 Inches,Chrome OS
45,"2019 Apple MacBook Pro with 1.4GHz Intel Core i5 (13-inch, 8GB RAM, 512GB SSD) Space Gray (Renewed)","About this item    - Intel Plus Graphics 645 Integrated GPU    - 13.3inch Retina LED-backlit    - Intel Mobile Core i5-8257U 1.4GHz ""Coffee Lake"" 8th Generation Processor    - 512 GB of SSD Storage    - 8 GB of DDR3 SDRAM    ›  See more product details",,Electronics,$499.00,https://amzn.to/46JtjxM,https://m.media-amazon.com/images/I/71i49M4hv2L.__AC_SX300_SY300_QL70_FMwebp_.jpg,Space Gray,Apple,Intel Core i5,‎11.97 x 8.36 x 0.59 inches,‎3.01 pounds,‎1.4 GHz apple_ci5,8 GB,512 GB,13.3 Inches,macOS 10.14 Mojave
46,"Apple 2024 MacBook Air 15-inch Laptop with M3 chip: Built for Apple Intelligence, 15.3-inch Liquid Retina Display, 16GB Unified Memory, 512GB SSD Storage, Backlit Keyboard, Touch ID; Starlight","About this item    LEAN. MEAN. M3 MACHINE — With a powerful 8-core CPU and up to 10-core GPU, the blazing-fast MacBook Air with M3 chip is a superportable laptop that sails through work and play.    BUILT FOR APPLE INTELLIGENCE — Apple Intelligence helps you write, express yourself, and get things done effortlessly. It draws on your personal context while setting a brand-new standard for privacy in AI. Coming in beta this fall.    PORTABLE DESIGN — Lightweight and under half an inch thin, so you can take MacBook Air anywhere you go.    UP TO 18 HOURS OF BATTERY LIFE — Amazing, all-day battery life so you can leave the power adapter at home.    MORE ROOM FOR WHAT YOU LOVE — The 15.3-inch Liquid Retina display supports 1 billion colors.    LOOK SHARP, SOUND GREAT — Everything looks and sounds amazing with a 1080p FaceTime HD camera, three mics, and six speakers with Spatial Audio.    APPS FLY WITH APPLE SILICON — All your favorites, from Microsoft 365 to Adobe Creative Cloud, run lightning fast in macOS.       GET CONNECTED — MacBook Air features two Thunderbolt ports, a headphone jack, Wi-Fi 6E, Bluetooth 5.3, and a MagSafe charging port. And connect up to two external displays with the laptop lid closed. IF YOU LOVE IPHONE, YOU’LL LOVE MAC — MacBook Air works like magic with your other Apple devices. Start an email on your iPhone and finish it on your Mac. Send text messages from your Mac. And much more. LEGAL DISCLAIMERS — This is a summary of the main product features. See below to learn more.   Show more",,Electronics,00,https://amzn.to/3Arn71y,https://m.media-amazon.com/images/I/71NPEI1B9wL.__AC_SY445_SX342_QL70_FMwebp_.jpg,Starlight,Apple,Apple M4,,,,16 GB,512 GB,15.3 Inches,Mac OS
47,"Lenovo IdeaPad 1 Student Laptop, Intel Dual Core Processor, 20GB RAM, 1TB SSD + 128GB eMMC, 15.6"" FHD Display, 1 Year Office 365, Windows 11 Home, Wi-Fi 6, Webcam, Bluetooth, SD Card Reader, Grey","About this item    【High Speed RAM And Enormous Space】20GB high-bandwidth RAM to smoothly run multiple applications and browser tabs all at once; 1TB PCIe NVMe M.2 Solid State Drive + 128GB eMMC allows to fast bootup and data transfer    【Processor】Celeron N4500 (Cores:2 Threads:2; Clockspeed:1.1 GHz Turbo Speed: 2.8GHz; Cache Size: L1: 4096 KB, L2: 12.0 MB, L3: 4 MB)    【Display】15.6"" FHD (1920x1080), 250nits, IPS-Level, Anti-glare    【Tech Specs】 1 x Card reader; 1 x HDMI 1.4b; 1 x USB 2.0; 1 x USB-C 3.2 Gen 1 (support data transfer only); 1 x USB 3.2 Gen 1; 1 x Headphone / microphone combo jack (3.5mm);    【Operating System】Windows 11 Home - Beautiful, more consistent new design, Great window layout options, Better multi-monitor functionality, Improved performance features, New videogame selection and capabilities, Compatible with Android Apps    ›  See more product details",,Electronics,$375.05,https://amzn.to/3AliwOn,https://m.media-amazon.com/images/I/61ZCdzmymsL.__AC_SX300_SY300_QL70_FMwebp_.jpg,Gray,Lenovo,Celeron,‎14.18 x 9.29 x 0.7 inches,‎3.42 pounds,‎1.1 GHz celeron,20 GB,1 TB,15.6 Inches,Windows 11 Home
48,,,,Electronics,00,https://amzn.to/3YJeE3D,,,,,,,,,,,
49,"HP 2023 Newest Chromebook Laptop, 14 Inch Display, Intel Celeron N4120 Processor, 4GB RAM, 64GB eMMC, Intel UHD Graphics 600, WiFi, Bluetooth, Chrome OS, Modern Gray","About this item    【Processor】Equipped with Intel Celeron N4120 processor, 1.1GHz (Up to Turbo Boost 2.6 GHz, 4 cores, 4 threads). Whether you're working on documents, streaming videos, or browsing the web, it offers a responsive and seamless experience.    【Display】 14 Inch Display, 1366 x 768 resolution for clear visuals. Integrated Intel UHD Graphics 600 for regular office work, which deliver decent graphical performance for multimedia consumption, casual gaming, and video streaming.    【Upgraded】 Up to 4GB RAM is designed for basic tasks, the high-bandwith DDR4 RAM run your applications smoothly, as well as multiple programs and files all at once. Up to 128GB eMMC storage capacity is suitable for saving all your files and provides enough space to save more data.    【Connectivity 】 Stay connected with WiFi5 and Bluetooth built in, 1x USB 3.1 Type-C, 2x USB 3.0 Type A, 1x Headphone/Speaker/Line-Out Jack, enabling you to stay connected and access the internet wirelessly.    【Operating System】The laptop runs on Chrome OS, Google's lightweight operating system designed for quick boot times, seamless integration with Google services, and a wide range of web-based applications. It provides a secure and streamlined computing experience.    ›  See more product details",,Electronics,$295.99,https://amzn.to/4cpEaxW,https://m.media-amazon.com/images/I/51PsNbMd-CL.__AC_SY300_SX300_QL70_FMwebp_.jpg,Gray,HP,Celeron N,‎12.85 x 0.72 x 8.94 inches,‎3.35 pounds,‎2.6 GHz celeron_n,4 GB,64 GB,14,Chrome OS
50,"LENOVO IdeaPad 3i Laptop, 15.6"" HD Touchscreen Display, Intel Core i3-1115G4 Processor, 12GB DDR4 RAM, 256GB PCIe SSD, Bluetooth, Webcam, Wi-Fi 6, HDMI, Windows 11 Home, Grey","About this item    【High Speed RAM And Enormous Space】12GB DDR4 RAM to smoothly run multiple applications and browser tabs all at once; 256GB PCIe M.2 Solid State Drive allows to fast bootup and data transfer    【Processor】Intel Core i3-1115G4 3.00 GHz 2 Cores Processor (6MB Cache, up to 4.10 GHz), Intel UHD Graphics    【Dazzling Display】15.6"" HD touchscreen display with narrow bezels    【Tech Specs】2 x SuperSpeed USB Type-A, 1 x USB 2.0 Type-A, 1 x HDMI, 1 x Headphone/Microphone Combo; SD Card Reader; Wi-Fi 6    【Operating System】Windows 11 Home-Beautiful, more consistent new design, Great window layout options, Better multi-monitor functionality, Improved performance features, New videogame selection and capabilities, Compatible with Android Apps    ›  See more product details",,Electronics,$329.00,https://amzn.to/3SJuLdR,https://m.media-amazon.com/images/I/61eFMUYS+HL._AC_SY300_SX300_.jpg,Grey,Lenovo,Core i3,‎14.26 x 9.98 x 0.78 inches,‎4.1 pounds,‎3 GHz core_i3,12 GB,256 GB,15.6 Inches,Windows 11 Home
51,"Acer Swift Go Intel Evo Thin & Light Premium Laptop 14"" 1920x1200 100% sRGB Touch Screen Display Intel Core i7-1355U Intel Iris Xe 16GB LPDDR5 512GB Gen 4 SSD SFG14-71T-72QV","About this item    The Best Overall Laptop Experience: The Acer Swift Go 14 is an Intel Evo verified notebook delivering superior performance, faster Wi-Fi and a long-lasting battery that charges fast.    LATEST GEN - The 13th Gen Intel Core i7 processor lets you do what you do with superior performance. Juggle complex programs without slowing down, edit and enhance your creative projects with ease, enjoy immersive streaming and much more.    Indulge Your Eyes: The Swift Go’s 14” 1920 x 1200 IPS display —offering vivid color accuracy, remarkably deep blacks, and ultra-crisp image quality and a touchscreen if you prefer to tap and swipe.    Internal Specifications: 16GB Onboard LPDDR5 Memory; 512GB PCIe Gen 4 SSD; microSD Card Reader; Killer Wireless Wi-Fi 6E AX1675 supports dual-stream Wi-Fi in the 2.4GHz, 5GHz and 6GHz bands, including 2x2 MU-MIMO Technology; Bluetooth 5.1 or above    Power button on with Fingerprint Reader: Featuring Computer Protection and Windows Hello Certification, help keep your Acer Swift Go secure.    Grab and Go.: The easy-to-carry Swift Go comfortably fits in your bag thanks to its 0.59” thin and 2.76 pounds light aluminum body, with eco-conscious OceanGlass touchpad—making it the ideal go-there, do-that sidekick.    Video calling has never been so good on the 1440p QHD camera—which uses Acer’s TNR (Temporal Noise Reduction) technology for high-quality imagery in low-light conditions along with Acer PurifiedVoice with AI Noise Reduction.       Acer PurifiedView combines 3 key features (Background Blur, Automatic Framing and Gaze Correction) together with advanced AI algorithms that make you look more centric and confident through e-meeting, live streaming, and video calling. Twice as Cool: Experience high-performing thermal efficiency with TwinAir cooling—supporting multiple cooling modes—dual copper heat pipes, and an air inlet keyboard expelling up to 10% more heat than a standard keyboard. (Based on Acer's internal lab data) Ports For All Your Accessories: 2 - USB Type-C Ports - supporting USB4 (up to 40 Gbps), Thunderbolt 4 and USB Charging and Power Delivery (Up to 100W), 2 - USB 3.2 Gen 1 Ports (one featuring power-off charging), 1 - HDMI 2.1 with HDCP support, 1 - Headphone/Microphone-in Jack   Show more",,Electronics,$599.99,https://amzn.to/3SOBWkO,https://m.media-amazon.com/images/I/71iZrF8XXiL.__AC_SY300_SX300_QL70_FMwebp_.jpg,Silver,acer,Intel Core i7-1355U,‎12.32 x 0.59 x 8.58 inches,‎2.76 pounds,‎5 GHz intel_core_i7_1355u,16 GB,512,14 Inches,Windows 11 Home
52,"Lenovo V15 Business Laptop | 16GB RAM | 1TB SSD | 15.6"" FHD Display | Intel 2-core Processor | Ethernet | 1 Year Office | Windows 11 Pro |WOWPC Bundle","About this item    【Processor】 The Intel Celeron N4500 processor, with a maximum speed of up to 2.8GHz, features 2 cores and 2 threads, making it well-suited for efficient multitasking. Its dual-core architecture allows for smooth operation when handling everyday computing tasks, ensuring a reliable user experience.    【Display & Webcam】The 15.6"" diagonal Full HD display boasts a vivid 1920 x 1080 resolution and 250 nits brightness, ensuring clear, anti-glare viewing. Paired with a 720p HD camera featuring a privacy shutter, it's perfect for video conferencing and content viewing.    【Connectivity】 Equipped with 11ac 2x2 Wi-Fi and Bluetooth 5.1, along with an Ethernet port, this device ensures fast, reliable wireless connectivity and stable wired network options. Whether you're streaming, downloading, or connecting peripherals, you'll experience seamless performance.    【Operating System】Elevate your computing with Windows 11 Pro 64-bit. Its sleek, intuitive interface boosts productivity and creativity. Enjoy seamless performance, advanced security, and powerful multitasking for all tasks.    【Accessory】Your purchase includes a 1 year Microsoft Office License, providing access to essential Office applications like Word, Excel, and PowerPoint.    ›  See more product details",,Electronics,$549.99,https://amzn.to/4dGtjkt,https://m.media-amazon.com/images/I/71snUQs6dML.__AC_SX300_SY300_QL70_FMwebp_.jpg,Black,Lenovo,Celeron,‎14.14 x 9.28 x 0.78 inches,‎5.09 pounds,‎2.8 GHz celeron,16 GB,1 TB,15.6 Inches,Windows 11 Pro
53,"Acer Aspire 1 A115-32-C96U Slim Laptop | 15.6"" FHD Display | Intel Celeron N4500 Processor | 4GB DDR4 | 128GB eMMC | WiFi 5 | Microsoft 365 Personal 1-Year Subscription | Windows 11 in S Mode, Silver","About this item    Purposeful Design: Travel with ease and look great doing it with the Aspire 1 thin, light design.    Ready-to-Go Performance: The Aspire 1 is ready-to-go with the latest Celeron processor from Intel delivers a balance of performance and graphics with faster connectivity.    Visibly Stunning: Experience sharp details and crisp colors on the 15.6"" Full HD display with 16:9 aspect ratio and narrow bezels.    Internal Specifications: 4GB DDR4 Memory; 128GB eMMC storage to store your files and media.    Wireless Wi-Fi 5 Convenience: Maintain a strong, consistent wireless signal with Wi-Fi 5 (aka 802.11ac) and 1x1 MU-MIMO technology.    Get a Fresh Perspective: Family, friends, obsessions, music, creations—Windows 11 Home in S mode is the one place for it all. With a fresh new feel and tools that make it easier to be efficient, it has what you need for whatever’s next. Less noise, clutter, or chaos.    Microsoft 365 Personal 1-Year Subscription       Ports For All Your Accessories: 2 - USB 3.2 Gen 1 Ports, 1 - USB 2.0 Port, 1 - HDMI 2.0 Port with HDCP support, 1 - Ethernet (RJ-45) Port, 1 - Headphone/Speaker/Line-Out Jack, DC-in for AC adapter What's In the Box: Acer Aspire Laptop, AC Adapter, Power Cord   Show more",,Electronics,00,https://amzn.to/3X0AeQ2,https://m.media-amazon.com/images/I/81ux3SQKXrL.__AC_SX300_SY300_QL70_FMwebp_.jpg,Silver,acer,Celeron N,‎14.31 x 0.78 x 9.39 inches,‎3.64 pounds,‎1.1 GHz celeron_n,4 GB,128 GB,15.6 Inches,Windows 11 S
54,,,,Electronics,00,https://amzn.to/3yP2tYq,,,,,,,,,,,
55,"Apple 13in MacBook Pro, Retina, Touch Bar, 3.1GHz Intel Core i5 Dual Core, 8GB RAM, 256GB SSD, Space Gray, MPXV2LL/A (Renewed)","About this item    Renewed products look and work like new. These pre-owned products have been inspected and tested by Amazon-qualified suppliers, which typically perform a full diagnostic test, replacement of any defective parts, and a thorough cleaning process. Packaging and accessories may be generic. All products on Amazon Renewed come with a minimum 90-day supplier-backed warranty.    3.1GHz dual-core Intel Core i5 processor with Turbo Boost up to 3.5GHz    8GB 2133MHz LPDDR3 memory    256GB SSD storage. Operating temperature: 10 to 35 celsius (50 to 95 fahrenheit ),storage temperature: -25 to 45 celsius (-13 to 113 fahrenheit )    ›  See more product details",,Electronics,$15.99,https://amzn.to/4dEIJ8F,https://m.media-amazon.com/images/I/71PIqZ37ZNL.__AC_SX300_SY300_QL70_FMwebp_.jpg,Gray,Apple,Core i5,‎14.5 x 3.8 x 10.4 inches,‎3.02 pounds,‎3.1 GHz core_i5,8 GB,256 GB,13.3 Inches,macOS 10.12 Sierra
56,"ASUS 15.6” Vivobook Go Laptop, Intel Celeron N4500, 4GB RAM, 128GB SSD, Windows 11 in S Mode, Star Black, L510KA-ES04","About this item    WINDOWS 11 HOME IN S MODE — All the power of Windows 10 with enhanced security and performance with a redesigned look — complete with new tools, sounds, and apps exclusively from Microsoft. Every detail has been considered, coming together to bring you a refreshing experience on your PC.    15.6” FHD DISPLAY — 1920 x 1080 60Hz display brings beautiful visuals to life with 220 nits peak brightness.    INTEL CELERON N4500 PROCESSOR — The newest Intel Celeron processors offer amazing video conferencing abilities, faster wireless connectivity, improved overall application and graphics performance, and long battery life. Experience unmatched balance of performance, experience, and value for education and entry level computing.    INTEL HD GRAPHICS — Intel HD Graphics provides basic to moderate graphical performance for a variety of computing tasks, including multimedia playback, web browsing, and light gaming.    4GB DDR4 MEMORY — To run apps, tabs, and everything else you need.    128GB eMMC STORAGE — Gives you essential storage for all your files and apps.    WI-FI AND BLUETOOTH — Wi-Fi 5(802.11ac) (Dual band) 1 1 + Bluetooth 5.1 Wireless Card       AUDIO BY SONICMASTER — Indulge your senses in powerful, crystal-clear sound. Next-gen Super Linear speakers, personalized with the Smart Amplifier and ASUS Audio Booster, are 2x louder. 42WH BATTERY — Keep your stress levels low with an all-day battery, equipped with Fast-Charge technology that gets you to 60 percent in just 49 minutes, all through its versatile USB-C Easy port. ADDITIONAL FEATURES — ErgoSense backlit chiclet keyboard, 720p HD camera with shutter   Show more",,Electronics,$179.99,https://amzn.to/3SPx3bj,https://m.media-amazon.com/images/I/61KZBt8QeGL.__AC_SX300_SY300_QL70_FMwebp_.jpg,Star Black,ASUS,Celeron,‎14.18 x 0.71 x 9.31 inches,‎3.46 pounds,‎2.8 GHz celeron,4 GB,,15.6 Inches,Windows 11 Home
57,"Lenovo 2022 Newest Ideapad 3 Laptop, 15.6"" HD Touchscreen, 11th Gen Intel Core i3-1115G4 Processor, 8GB DDR4 RAM, 256GB PCIe NVMe SSD, HDMI, Webcam, Wi-Fi 5, Bluetooth, Windows 11 Home, Almond","About this item    【Memory & Storage】Memory is 8GB high-bandwidth RAM to smoothly run multiple applications and browser tabs all at once. Hard Drive is 256GB PCIe Solid State Drive which allows to fast bootup and data transfer    【Processor】11th Gen Intel Core i3-1115G4 Dual-Core 3.0GHz Processor (6MB Intel Smart Cache, up to 4.10GHz) Intel UHD Graphics    【Screen】15.6"" HD Touchscreen (1366 x 768) Display    【Ports】2 x USB 3.2 Gen 1 Type-A, 1 x USB 2.0 Type-A, 1 x HDMI, 1 x Combination Audio Jack, 1 x Multi-format SD Media Card Reader, Wireless-AC Wi-Fi 5 + Bluetooth Combo    【Operating System】Windows 11 Home    ›  See more product details",,Electronics,$324.00,https://amzn.to/4cxP8lq,https://m.media-amazon.com/images/I/61QGMX0Qy6L.__AC_SY300_SX300_QL70_FMwebp_.jpg,Almond,Lenovo,Core i3,‎16.3 x 11.2 x 1 inches,‎4.07 pounds,‎3 GHz core_i3,20 GB,256 GB,15.6 Inches,Windows 11
58,"Lenovo V15 Laptop, 15.6"" FHD Display, AMD Ryzen 5 5500U Hexa-core Processor (Beat Intel i7-1065G7), 16GB RAM, 512GB SSD, HDMI, RJ45, Numeric Keypad, Wi-Fi, Windows 11 Pro, Black","About this item    【High Speed RAM And Enormous Space】16GB high-bandwidth RAM to smoothly run multiple applications and browser tabs all at once; 512GB PCIe NVMe M.2 Solid State Drive allows to fast bootup and data transfer    【Processor】AMD Ryzen 5 5500U Processor (6 Cores, 12 Threads, 8MB L3 Cache, Clock Speed:2.1GHz, up to 4.0GHz Turbo)    【Display】15.6"" diagonal, FHD (1920 x 1080)    【Tech Specs】1 x USB 3.0 Type-A, 1 x USB 2.0 Type-A, 1 x USB Type-C, 1 x HDMI, 1 x RJ45, 1 x headphone/microphone combo, Numeric Keyboard, Webcam, Wi-Fi    【Operating System】Windows 11 Pro-Get all the features of Windows 11 Home operating system plus Mobile device management, Group Policy, Enterprise State Roaming, Assigned Access, Dynamic Provisioningm, Windows Update for Business, Kiosk mode, and Active Directory/Azure AD    ›  See more product details",,Electronics,00,https://amzn.to/46JbaQM,https://m.media-amazon.com/images/I/71aoL3LtkrL.__AC_SX300_SY300_QL70_FMwebp_.jpg,Black,Lenovo,Ryzen 5,‎14.1 x 9.3 x 0.78 inches,‎3.75 pounds,‎4 GHz ryzen_5,16 GB,512 GB,15.6 Inches,Windows 11 Pro
59,"Lenovo IdeaPad 1 14 Laptop, 14.0"" HD Display, Intel Celeron N4020, 4GB RAM, 64GB Storage, Intel UHD Graphics 600, Win 11 in S Mode, Cloud Grey","About this item    This everyday laptop is powered by an Intel Celeron N4020 processor, 4GB DDR4 RAM, and 64 GB M.2 PCIe SSD storage    Enjoy videos or browse online on a 14"" HD display panel, framed by narrow bezels    Dolby Audio delivers crystal-clear sound through the built-in dual stereo speakers    Light and slim, this Windows 10 laptop computer (S mode) weighs just over 3 lbs and is less than 1 inch thick    WiFi 802.11 ac and Bluetooth 4.1 connectivity; ports include 2 x USB 3.1 Gen 12 (Type-A), microSD Card Reader; HDMI; Microphone / Earphone Combo    ›  See more product details",,Electronics,$151.00,https://amzn.to/4cs6Bvc,https://m.media-amazon.com/images/I/71bphKmt0DL.__AC_SY300_SX300_QL70_FMwebp_.jpg,Gray,Lenovo,Celeron N4020,‎12.88 x 9.25 x 0.7 inches,   dolby,‎1.1 GHz celeron_n4020,4 GB,64 GB,14 Inches,Windows 11
60,"HP Go Slim 15.6"" Laptop, 16GB RAM, 1.5TB Storage(512GB External SSD and 1TB Cloud Storage), Intel Quad-core Processor, Fast Wi-Fi 6, Upto 12 Hours Battery, Win 11 with Free 12-Month Microsoft Suite","About this item    【Processor & System】The Intel Quad-Core Pentium N200 processor, 2.7 GHz-4 cores-4 threads, Windows 11 Home.    【Display】15.6"" display (1366x768) with narrow bezels and anti-glare design delivers a vivid and clear visual experience. Battery supports Up to 11 hours and 45 minutes video playback.    【Keyboard】Full-size soft keyboard with numeric keypad and function keys like camera shutter, microphone mute key and airplane mode key.    【Storage & Ports】Upto 32GB RAM, 128GB UFS, and Upto 1TB External Storage. 1TB cloud Storage. High Speed and Reliability. Multiple ports: USB Type-C, USB Type-A, HDMI, Wi-Fi 6, and Bluetooth 5.    【Dimenssion& Weight】Measuring 20.47 x 12.01 x 2.72 inches and weighing just 3.24 lbs, its sleek design ensures fashionable portability on-the-go.    ›  See more product details",,Electronics,00,https://amzn.to/3X1pq43,https://m.media-amazon.com/images/I/71+34eHLutL._AC_SY300_SX300_.jpg,Black,HP,Quad Core 2.26GHz,‎15.6 x 3 x 5 inches,3.24lbs,‎2.7 Quad_Core_2.26GHz,32 GB,128 GB,15.6,Windows 11
61,"Acer Nitro V Gaming Laptop | Intel Core i5-13420H Processor | NVIDIA GeForce RTX 4050 Laptop GPU | 15.6"" FHD IPS 144Hz Display | 8GB DDR5 | 512GB Gen 4 SSD | WiFi 6 | Backlit KB | ANV15-51-51H9","About this item    Beyond Performance: Empower your gaming and creativity with the Nitro V 15, combining a 13th Gen Intel Core i5-13420H processor with the NVIDIA GeForce RTX 4050 Laptop GPU    Picture-Perfect. Furiously Fast: See your digital conquests unfold in vibrant Full HD on a 15.6"" screen, perfectly timed at a quick 144Hz refresh rate and a wide 16:9 aspect ratio providing 82.64% screen-to-body ratio.    Stay Connected: Your gaming sanctuary is wherever you are. On the couch? Settle in with fast and stable Wi-Fi 6. Gaming cafe? Get an edge online with Gigabit Ethernet. No matter your location, Nitro V 15 ensures you're always in the driver's seat.    Thunderbolt 4: With the powerful Thunderbolt 4 port, you have the trifecta of power charging and data transfer with bidirectional movement and video display in one interface.    Chilled to Perfection: Keep your cool amidst the fiercest gaming galaxies, thanks to Nitro V 15's innovative dual fans and effective exhaust system.    Always Be Heard and Seen: Experience crystal clear communication with AI-powered Acer PurifiedView and PurifiedVoice noise reduction technology. You'll feel like you're in the command center of a spaceship, with pinpoint sound accuracy giving you the edge in your gaming skirmishes.    No Limits with NitroSense: Channel your inner gaming strategist with the NitroSense utility app. Fine-tune your gaming setup to match your style, be it adjusting fan speeds for those heated battles or customizing lighting for immersive exploration       Ports For All Your Accessories: 1 - USB Type-C Port USB 3.2 Gen 2 (up to 10 Gbps) DisplayPort over USB Type-C, Thunderbolt 4 & USB Charging, 1 - USB 3.2 Gen 2 Port (Featuring Power-off Charging), 2 - USB 3.2 Gen 1 ports, 1 - HDMI 2.1 Port with HDCP support, 1 - Headphone/Speaker/Line-out Jack, 1 - Ethernet (RJ-45), DC-in for AC adapter The Right Fit: 14.26"" W x 9.44"" D x 0.93/1.06"" H; 4.66 lbs.; One-Year International Travelers Limited Warranty (ITW)   Show more",,Electronics,$649.99,https://amzn.to/3AkJbL3,https://m.media-amazon.com/images/I/71F-Wcriq4L.__AC_SY300_SX300_QL70_FMwebp_.jpg,Black,acer,Intel Core i5,‎14.26 x 0.93 x 9.44 inches,4.66lbs,‎2.1 GHz apple_ci5,8 GB,512 GB,15.6 Inches,Windows 11 Home
62,"ASUS Zenbook Duo Laptop, Dual 14” OLED 3K 120Hz Touch Display, Intel Evo Certified, Intel Core Ultra 9 185H CPU, Intel Arc Graphics, 32GB RAM, 1TB SSD, Windows 11, Inkwell Gray, UX8406MA-PS99T","About this item    Multi-screen versatility - Find the mode that best suits your task and seamlessly switch between them. Expand your workspace with Dual Screen or Desktop Mode, share content effortlessly in Sharing Mode, or snap everything back into one for Laptop Mode.    Everything-built-in portability – At 3.64 lbs and a mere 0.78” thin, the DUO elevates portable dual-screen setups to the next level. With a detachable Bluetooth keyboard and built-in kickstand, you can take the Zenbook DUO just as you would with any laptop.    Powerfully productive - The Zenbook DUO delivers powerful performance and AI-ready features on Windows 11. The ultra-fast Intel Core Ultra 9-185H processor up to 5.10 GHz , paired with Intel Arc graphics, enhances tasks with AI capabilities. With 1TB SSD storage and 32GB LPDDR5x RAM, you can explore more seamlessly.    Windows Copilot AI assistant - Meet Copilot in Windows – your AI-powered assistant for quick answers, creative inspiration, and focused tasks. Boost productivity with fast answers, image generation, and more.    Dual 14” ASUS Lumina OLED displays - Immerse yourself in unparalleled visuals with the Zenbook DUO's dual 16:10 touch displays boasting a 2880 x 1800 resolution, vibrant 500-nit HDR peak brightness, smooth 120Hz refresh rate, and Pantone validated 100% DCI-P3 color accuracy.    Military-grade durability - Meeting US MIL-STD 810H military standards*, the Zenbook DUO ensures unmatched reliability in harsh conditions. Rigorous testing enhances longevity, guaranteeing that your laptop is ready for work, travel, or relaxation both today and in the future.    All-day 75Wh battery** - Keep your stress levels low with an all-day battery that provides up to 13.5 hours of video playback in Laptop mode and 10.5 hours in Dual Screen mode*. It is equipped with Fast-Charge technology, accessible through its versatile Thunderbolt 4 USB-C ports.       Full I/O ports - 1 x USB 3.2 Gen 1 Type-A 2 x Thunderbolt 4 supports display / power delivery 1 x HDMI 2.1 TMDS 1 x 3.5mm Combo Audio Jack. Bundle up - Included in the box, you'll find a backpack, an ASUS Pen 2.0 SA203H with MPP 2.0 support, and a 65W USB-C charger, ensuring you're ready to go.   Show more",,Electronics,"$1,699.00",https://amzn.to/4dlWF7M,https://m.media-amazon.com/images/I/71xZUkl5dyL.__AC_SX300_SY300_QL70_FMwebp_.jpg,Inkwell Gray,ASUS,Core i9,‎12.34 x 0.57 x 8.58 inches,3.64lbs,‎5.1 GHz core_i9,32 GB,1000 GB,14 Inches,Windows 11 Home
